{
  "type": "minecraft:chest",
  "pools": [
    {
      "rolls": 1,
      "entries": [
        {
          "type": "minecraft:item",
          "name": "minecraft:knowledge_book",
          "functions": [
            {
              "function": "set_nbt",
              "tag": "{display:{Name:\"{\\\"text\\\":\\\"Activator rail\\\",\\\"color\\\":\\\"blue\\\",\\\"bold\\\":false,\\\"italic\\\":false,\\\"underlined\\\":false,\\\"strikethrough\\\":false,\\\"obfuscated\\\":false}\",Lore:[\"{\\\"text\\\":\\\"Click to unlock this blueprint\\\",\\\"color\\\":\\\"white\\\",\\\"bold\\\":false,\\\"italic\\\":false,\\\"underlined\\\":false,\\\"strikethrough\\\":false,\\\"obfuscated\\\":false}\"]},CustomModelData:2,Recipes:[\"minecraft:activator_rail\"]}"
            }
          ]
        },
        {
          "type": "minecraft:item",
          "name": "minecraft:knowledge_book",
          "functions": [
            {
              "function": "set_nbt",
              "tag": "{display:{Name:\"{\\\"text\\\":\\\"Anvil\\\",\\\"color\\\":\\\"blue\\\",\\\"bold\\\":false,\\\"italic\\\":false,\\\"underlined\\\":false,\\\"strikethrough\\\":false,\\\"obfuscated\\\":false}\",Lore:[\"{\\\"text\\\":\\\"Click to unlock this blueprint\\\",\\\"color\\\":\\\"white\\\",\\\"bold\\\":false,\\\"italic\\\":false,\\\"underlined\\\":false,\\\"strikethrough\\\":false,\\\"obfuscated\\\":false}\"]},CustomModelData:2,Recipes:[\"minecraft:anvil\"]}"
            }
          ]
        },
        {
          "type": "minecraft:item",
          "name": "minecraft:knowledge_book",
          "functions": [
            {
              "function": "set_nbt",
              "tag": "{display:{Name:\"{\\\"text\\\":\\\"Armor stand\\\",\\\"color\\\":\\\"blue\\\",\\\"bold\\\":false,\\\"italic\\\":false,\\\"underlined\\\":false,\\\"strikethrough\\\":false,\\\"obfuscated\\\":false}\",Lore:[\"{\\\"text\\\":\\\"Click to unlock this blueprint\\\",\\\"color\\\":\\\"white\\\",\\\"bold\\\":false,\\\"italic\\\":false,\\\"underlined\\\":false,\\\"strikethrough\\\":false,\\\"obfuscated\\\":false}\"]},CustomModelData:2,Recipes:[\"minecraft:armor_stand\"]}"
            }
          ]
        },
        {
          "type": "minecraft:item",
          "name": "minecraft:knowledge_book",
          "functions": [
            {
              "function": "set_nbt",
              "tag": "{display:{Name:\"{\\\"text\\\":\\\"Barrel\\\",\\\"color\\\":\\\"blue\\\",\\\"bold\\\":false,\\\"italic\\\":false,\\\"underlined\\\":false,\\\"strikethrough\\\":false,\\\"obfuscated\\\":false}\",Lore:[\"{\\\"text\\\":\\\"Click to unlock this blueprint\\\",\\\"color\\\":\\\"white\\\",\\\"bold\\\":false,\\\"italic\\\":false,\\\"underlined\\\":false,\\\"strikethrough\\\":false,\\\"obfuscated\\\":false}\"]},CustomModelData:2,Recipes:[\"minecraft:barrel\"]}"
            }
          ]
        },
        {
          "type": "minecraft:item",
          "name": "minecraft:knowledge_book",
          "functions": [
            {
              "function": "set_nbt",
              "tag": "{display:{Name:\"{\\\"text\\\":\\\"Blast furnace\\\",\\\"color\\\":\\\"blue\\\",\\\"bold\\\":false,\\\"italic\\\":false,\\\"underlined\\\":false,\\\"strikethrough\\\":false,\\\"obfuscated\\\":false}\",Lore:[\"{\\\"text\\\":\\\"Click to unlock this blueprint\\\",\\\"color\\\":\\\"white\\\",\\\"bold\\\":false,\\\"italic\\\":false,\\\"underlined\\\":false,\\\"strikethrough\\\":false,\\\"obfuscated\\\":false}\"]},CustomModelData:2,Recipes:[\"minecraft:blast_furnace\"]}"
            }
          ]
        },
        {
          "type": "minecraft:item",
          "name": "minecraft:knowledge_book",
          "functions": [
            {
              "function": "set_nbt",
              "tag": "{display:{Name:\"{\\\"text\\\":\\\"Blaze powder\\\",\\\"color\\\":\\\"blue\\\",\\\"bold\\\":false,\\\"italic\\\":false,\\\"underlined\\\":false,\\\"strikethrough\\\":false,\\\"obfuscated\\\":false}\",Lore:[\"{\\\"text\\\":\\\"Click to unlock this blueprint\\\",\\\"color\\\":\\\"white\\\",\\\"bold\\\":false,\\\"italic\\\":false,\\\"underlined\\\":false,\\\"strikethrough\\\":false,\\\"obfuscated\\\":false}\"]},CustomModelData:2,Recipes:[\"minecraft:blaze_powder\"]}"
            }
          ]
        },
        {
          "type": "minecraft:item",
          "name": "minecraft:knowledge_book",
          "functions": [
            {
              "function": "set_nbt",
              "tag": "{display:{Name:\"{\\\"text\\\":\\\"Brewing stand\\\",\\\"color\\\":\\\"blue\\\",\\\"bold\\\":false,\\\"italic\\\":false,\\\"underlined\\\":false,\\\"strikethrough\\\":false,\\\"obfuscated\\\":false}\",Lore:[\"{\\\"text\\\":\\\"Click to unlock this blueprint\\\",\\\"color\\\":\\\"white\\\",\\\"bold\\\":false,\\\"italic\\\":false,\\\"underlined\\\":false,\\\"strikethrough\\\":false,\\\"obfuscated\\\":false}\"]},CustomModelData:2,Recipes:[\"minecraft:brewing_stand\"]}"
            }
          ]
        },
        {
          "type": "minecraft:item",
          "name": "minecraft:knowledge_book",
          "functions": [
            {
              "function": "set_nbt",
              "tag": "{display:{Name:\"{\\\"text\\\":\\\"Bucket\\\",\\\"color\\\":\\\"blue\\\",\\\"bold\\\":false,\\\"italic\\\":false,\\\"underlined\\\":false,\\\"strikethrough\\\":false,\\\"obfuscated\\\":false}\",Lore:[\"{\\\"text\\\":\\\"Click to unlock this blueprint\\\",\\\"color\\\":\\\"white\\\",\\\"bold\\\":false,\\\"italic\\\":false,\\\"underlined\\\":false,\\\"strikethrough\\\":false,\\\"obfuscated\\\":false}\"]},CustomModelData:2,Recipes:[\"minecraft:bucket\"]}"
            }
          ]
        },
        {
          "type": "minecraft:item",
          "name": "minecraft:knowledge_book",
          "functions": [
            {
              "function": "set_nbt",
              "tag": "{display:{Name:\"{\\\"text\\\":\\\"Chest minecart\\\",\\\"color\\\":\\\"blue\\\",\\\"bold\\\":false,\\\"italic\\\":false,\\\"underlined\\\":false,\\\"strikethrough\\\":false,\\\"obfuscated\\\":false}\",Lore:[\"{\\\"text\\\":\\\"Click to unlock this blueprint\\\",\\\"color\\\":\\\"white\\\",\\\"bold\\\":false,\\\"italic\\\":false,\\\"underlined\\\":false,\\\"strikethrough\\\":false,\\\"obfuscated\\\":false}\"]},CustomModelData:2,Recipes:[\"minecraft:chest_minecart\"]}"
            }
          ]
        },
        {
          "type": "minecraft:item",
          "name": "minecraft:knowledge_book",
          "functions": [
            {
              "function": "set_nbt",
              "tag": "{display:{Name:\"{\\\"text\\\":\\\"Clock\\\",\\\"color\\\":\\\"blue\\\",\\\"bold\\\":false,\\\"italic\\\":false,\\\"underlined\\\":false,\\\"strikethrough\\\":false,\\\"obfuscated\\\":false}\",Lore:[\"{\\\"text\\\":\\\"Click to unlock this blueprint\\\",\\\"color\\\":\\\"white\\\",\\\"bold\\\":false,\\\"italic\\\":false,\\\"underlined\\\":false,\\\"strikethrough\\\":false,\\\"obfuscated\\\":false}\"]},CustomModelData:2,Recipes:[\"minecraft:clock\"]}"
            }
          ]
        },
        {
          "type": "minecraft:item",
          "name": "minecraft:knowledge_book",
          "functions": [
            {
              "function": "set_nbt",
              "tag": "{display:{Name:\"{\\\"text\\\":\\\"Comparator\\\",\\\"color\\\":\\\"blue\\\",\\\"bold\\\":false,\\\"italic\\\":false,\\\"underlined\\\":false,\\\"strikethrough\\\":false,\\\"obfuscated\\\":false}\",Lore:[\"{\\\"text\\\":\\\"Click to unlock this blueprint\\\",\\\"color\\\":\\\"white\\\",\\\"bold\\\":false,\\\"italic\\\":false,\\\"underlined\\\":false,\\\"strikethrough\\\":false,\\\"obfuscated\\\":false}\"]},CustomModelData:2,Recipes:[\"minecraft:comparator\"]}"
            }
          ]
        },
        {
          "type": "minecraft:item",
          "name": "minecraft:knowledge_book",
          "functions": [
            {
              "function": "set_nbt",
              "tag": "{display:{Name:\"{\\\"text\\\":\\\"Compass\\\",\\\"color\\\":\\\"blue\\\",\\\"bold\\\":false,\\\"italic\\\":false,\\\"underlined\\\":false,\\\"strikethrough\\\":false,\\\"obfuscated\\\":false}\",Lore:[\"{\\\"text\\\":\\\"Click to unlock this blueprint\\\",\\\"color\\\":\\\"white\\\",\\\"bold\\\":false,\\\"italic\\\":false,\\\"underlined\\\":false,\\\"strikethrough\\\":false,\\\"obfuscated\\\":false}\"]},CustomModelData:2,Recipes:[\"minecraft:compass\"]}"
            }
          ]
        },
        {
          "type": "minecraft:item",
          "name": "minecraft:knowledge_book",
          "functions": [
            {
              "function": "set_nbt",
              "tag": "{display:{Name:\"{\\\"text\\\":\\\"Composter\\\",\\\"color\\\":\\\"blue\\\",\\\"bold\\\":false,\\\"italic\\\":false,\\\"underlined\\\":false,\\\"strikethrough\\\":false,\\\"obfuscated\\\":false}\",Lore:[\"{\\\"text\\\":\\\"Click to unlock this blueprint\\\",\\\"color\\\":\\\"white\\\",\\\"bold\\\":false,\\\"italic\\\":false,\\\"underlined\\\":false,\\\"strikethrough\\\":false,\\\"obfuscated\\\":false}\"]},CustomModelData:2,Recipes:[\"minecraft:composter\"]}"
            }
          ]
        },
        {
          "type": "minecraft:item",
          "name": "minecraft:knowledge_book",
          "functions": [
            {
              "function": "set_nbt",
              "tag": "{display:{Name:\"{\\\"text\\\":\\\"Crossbow\\\",\\\"color\\\":\\\"blue\\\",\\\"bold\\\":false,\\\"italic\\\":false,\\\"underlined\\\":false,\\\"strikethrough\\\":false,\\\"obfuscated\\\":false}\",Lore:[\"{\\\"text\\\":\\\"Click to unlock this blueprint\\\",\\\"color\\\":\\\"white\\\",\\\"bold\\\":false,\\\"italic\\\":false,\\\"underlined\\\":false,\\\"strikethrough\\\":false,\\\"obfuscated\\\":false}\"]},CustomModelData:2,Recipes:[\"minecraft:crossbow\"]}"
            }
          ]
        },
        {
          "type": "minecraft:item",
          "name": "minecraft:knowledge_book",
          "functions": [
            {
              "function": "set_nbt",
              "tag": "{display:{Name:\"{\\\"text\\\":\\\"Daylight detector\\\",\\\"color\\\":\\\"blue\\\",\\\"bold\\\":false,\\\"italic\\\":false,\\\"underlined\\\":false,\\\"strikethrough\\\":false,\\\"obfuscated\\\":false}\",Lore:[\"{\\\"text\\\":\\\"Click to unlock this blueprint\\\",\\\"color\\\":\\\"white\\\",\\\"bold\\\":false,\\\"italic\\\":false,\\\"underlined\\\":false,\\\"strikethrough\\\":false,\\\"obfuscated\\\":false}\"]},CustomModelData:2,Recipes:[\"minecraft:daylight_detector\"]}"
            }
          ]
        },
        {
          "type": "minecraft:item",
          "name": "minecraft:knowledge_book",
          "functions": [
            {
              "function": "set_nbt",
              "tag": "{display:{Name:\"{\\\"text\\\":\\\"Detector rail\\\",\\\"color\\\":\\\"blue\\\",\\\"bold\\\":false,\\\"italic\\\":false,\\\"underlined\\\":false,\\\"strikethrough\\\":false,\\\"obfuscated\\\":false}\",Lore:[\"{\\\"text\\\":\\\"Click to unlock this blueprint\\\",\\\"color\\\":\\\"white\\\",\\\"bold\\\":false,\\\"italic\\\":false,\\\"underlined\\\":false,\\\"strikethrough\\\":false,\\\"obfuscated\\\":false}\"]},CustomModelData:2,Recipes:[\"minecraft:detector_rail\"]}"
            }
          ]
        },
        {
          "type": "minecraft:item",
          "name": "minecraft:knowledge_book",
          "functions": [
            {
              "function": "set_nbt",
              "tag": "{display:{Name:\"{\\\"text\\\":\\\"Dispenser\\\",\\\"color\\\":\\\"blue\\\",\\\"bold\\\":false,\\\"italic\\\":false,\\\"underlined\\\":false,\\\"strikethrough\\\":false,\\\"obfuscated\\\":false}\",Lore:[\"{\\\"text\\\":\\\"Click to unlock this blueprint\\\",\\\"color\\\":\\\"white\\\",\\\"bold\\\":false,\\\"italic\\\":false,\\\"underlined\\\":false,\\\"strikethrough\\\":false,\\\"obfuscated\\\":false}\"]},CustomModelData:2,Recipes:[\"minecraft:dispenser\"]}"
            }
          ]
        },
        {
          "type": "minecraft:item",
          "name": "minecraft:knowledge_book",
          "functions": [
            {
              "function": "set_nbt",
              "tag": "{display:{Name:\"{\\\"text\\\":\\\"Dropper\\\",\\\"color\\\":\\\"blue\\\",\\\"bold\\\":false,\\\"italic\\\":false,\\\"underlined\\\":false,\\\"strikethrough\\\":false,\\\"obfuscated\\\":false}\",Lore:[\"{\\\"text\\\":\\\"Click to unlock this blueprint\\\",\\\"color\\\":\\\"white\\\",\\\"bold\\\":false,\\\"italic\\\":false,\\\"underlined\\\":false,\\\"strikethrough\\\":false,\\\"obfuscated\\\":false}\"]},CustomModelData:2,Recipes:[\"minecraft:dropper\"]}"
            }
          ]
        },
        {
          "type": "minecraft:item",
          "name": "minecraft:knowledge_book",
          "functions": [
            {
              "function": "set_nbt",
              "tag": "{display:{Name:\"{\\\"text\\\":\\\"Ender eye\\\",\\\"color\\\":\\\"blue\\\",\\\"bold\\\":false,\\\"italic\\\":false,\\\"underlined\\\":false,\\\"strikethrough\\\":false,\\\"obfuscated\\\":false}\",Lore:[\"{\\\"text\\\":\\\"Click to unlock this blueprint\\\",\\\"color\\\":\\\"white\\\",\\\"bold\\\":false,\\\"italic\\\":false,\\\"underlined\\\":false,\\\"strikethrough\\\":false,\\\"obfuscated\\\":false}\"]},CustomModelData:2,Recipes:[\"minecraft:ender_eye\"]}"
            }
          ]
        },
        {
          "type": "minecraft:item",
          "name": "minecraft:knowledge_book",
          "functions": [
            {
              "function": "set_nbt",
              "tag": "{display:{Name:\"{\\\"text\\\":\\\"Fermented spider eye\\\",\\\"color\\\":\\\"blue\\\",\\\"bold\\\":false,\\\"italic\\\":false,\\\"underlined\\\":false,\\\"strikethrough\\\":false,\\\"obfuscated\\\":false}\",Lore:[\"{\\\"text\\\":\\\"Click to unlock this blueprint\\\",\\\"color\\\":\\\"white\\\",\\\"bold\\\":false,\\\"italic\\\":false,\\\"underlined\\\":false,\\\"strikethrough\\\":false,\\\"obfuscated\\\":false}\"]},CustomModelData:2,Recipes:[\"minecraft:fermented_spider_eye\"]}"
            }
          ]
        },
        {
          "type": "minecraft:item",
          "name": "minecraft:knowledge_book",
          "functions": [
            {
              "function": "set_nbt",
              "tag": "{display:{Name:\"{\\\"text\\\":\\\"Fire charge\\\",\\\"color\\\":\\\"blue\\\",\\\"bold\\\":false,\\\"italic\\\":false,\\\"underlined\\\":false,\\\"strikethrough\\\":false,\\\"obfuscated\\\":false}\",Lore:[\"{\\\"text\\\":\\\"Click to unlock this blueprint\\\",\\\"color\\\":\\\"white\\\",\\\"bold\\\":false,\\\"italic\\\":false,\\\"underlined\\\":false,\\\"strikethrough\\\":false,\\\"obfuscated\\\":false}\"]},CustomModelData:2,Recipes:[\"minecraft:fire_charge\"]}"
            }
          ]
        },
        {
          "type": "minecraft:item",
          "name": "minecraft:knowledge_book",
          "functions": [
            {
              "function": "set_nbt",
              "tag": "{display:{Name:\"{\\\"text\\\":\\\"Furnace minecart\\\",\\\"color\\\":\\\"blue\\\",\\\"bold\\\":false,\\\"italic\\\":false,\\\"underlined\\\":false,\\\"strikethrough\\\":false,\\\"obfuscated\\\":false}\",Lore:[\"{\\\"text\\\":\\\"Click to unlock this blueprint\\\",\\\"color\\\":\\\"white\\\",\\\"bold\\\":false,\\\"italic\\\":false,\\\"underlined\\\":false,\\\"strikethrough\\\":false,\\\"obfuscated\\\":false}\"]},CustomModelData:2,Recipes:[\"minecraft:furnace_minecart\"]}"
            }
          ]
        },
        {
          "type": "minecraft:item",
          "name": "minecraft:knowledge_book",
          "functions": [
            {
              "function": "set_nbt",
              "tag": "{display:{Name:\"{\\\"text\\\":\\\"Glistering melon slice\\\",\\\"color\\\":\\\"blue\\\",\\\"bold\\\":false,\\\"italic\\\":false,\\\"underlined\\\":false,\\\"strikethrough\\\":false,\\\"obfuscated\\\":false}\",Lore:[\"{\\\"text\\\":\\\"Click to unlock this blueprint\\\",\\\"color\\\":\\\"white\\\",\\\"bold\\\":false,\\\"italic\\\":false,\\\"underlined\\\":false,\\\"strikethrough\\\":false,\\\"obfuscated\\\":false}\"]},CustomModelData:2,Recipes:[\"minecraft:glistering_melon_slice\"]}"
            }
          ]
        },
        {
          "type": "minecraft:item",
          "name": "minecraft:knowledge_book",
          "functions": [
            {
              "function": "set_nbt",
              "tag": "{display:{Name:\"{\\\"text\\\":\\\"Golden carrot\\\",\\\"color\\\":\\\"blue\\\",\\\"bold\\\":false,\\\"italic\\\":false,\\\"underlined\\\":false,\\\"strikethrough\\\":false,\\\"obfuscated\\\":false}\",Lore:[\"{\\\"text\\\":\\\"Click to unlock this blueprint\\\",\\\"color\\\":\\\"white\\\",\\\"bold\\\":false,\\\"italic\\\":false,\\\"underlined\\\":false,\\\"strikethrough\\\":false,\\\"obfuscated\\\":false}\"]},CustomModelData:2,Recipes:[\"minecraft:golden_carrot\"]}"
            }
          ]
        },
        {
          "type": "minecraft:item",
          "name": "minecraft:knowledge_book",
          "functions": [
            {
              "function": "set_nbt",
              "tag": "{display:{Name:\"{\\\"text\\\":\\\"Grindstone\\\",\\\"color\\\":\\\"blue\\\",\\\"bold\\\":false,\\\"italic\\\":false,\\\"underlined\\\":false,\\\"strikethrough\\\":false,\\\"obfuscated\\\":false}\",Lore:[\"{\\\"text\\\":\\\"Click to unlock this blueprint\\\",\\\"color\\\":\\\"white\\\",\\\"bold\\\":false,\\\"italic\\\":false,\\\"underlined\\\":false,\\\"strikethrough\\\":false,\\\"obfuscated\\\":false}\"]},CustomModelData:2,Recipes:[\"minecraft:grindstone\"]}"
            }
          ]
        },
        {
          "type": "minecraft:item",
          "name": "minecraft:knowledge_book",
          "functions": [
            {
              "function": "set_nbt",
              "tag": "{display:{Name:\"{\\\"text\\\":\\\"Hopper\\\",\\\"color\\\":\\\"blue\\\",\\\"bold\\\":false,\\\"italic\\\":false,\\\"underlined\\\":false,\\\"strikethrough\\\":false,\\\"obfuscated\\\":false}\",Lore:[\"{\\\"text\\\":\\\"Click to unlock this blueprint\\\",\\\"color\\\":\\\"white\\\",\\\"bold\\\":false,\\\"italic\\\":false,\\\"underlined\\\":false,\\\"strikethrough\\\":false,\\\"obfuscated\\\":false}\"]},CustomModelData:2,Recipes:[\"minecraft:hopper\"]}"
            }
          ]
        },
        {
          "type": "minecraft:item",
          "name": "minecraft:knowledge_book",
          "functions": [
            {
              "function": "set_nbt",
              "tag": "{display:{Name:\"{\\\"text\\\":\\\"Hopper minecart\\\",\\\"color\\\":\\\"blue\\\",\\\"bold\\\":false,\\\"italic\\\":false,\\\"underlined\\\":false,\\\"strikethrough\\\":false,\\\"obfuscated\\\":false}\",Lore:[\"{\\\"text\\\":\\\"Click to unlock this blueprint\\\",\\\"color\\\":\\\"white\\\",\\\"bold\\\":false,\\\"italic\\\":false,\\\"underlined\\\":false,\\\"strikethrough\\\":false,\\\"obfuscated\\\":false}\"]},CustomModelData:2,Recipes:[\"minecraft:hopper_minecart\"]}"
            }
          ]
        },
        {
          "type": "minecraft:item",
          "name": "minecraft:knowledge_book",
          "functions": [
            {
              "function": "set_nbt",
              "tag": "{display:{Name:\"{\\\"text\\\":\\\"Iron axe\\\",\\\"color\\\":\\\"blue\\\",\\\"bold\\\":false,\\\"italic\\\":false,\\\"underlined\\\":false,\\\"strikethrough\\\":false,\\\"obfuscated\\\":false}\",Lore:[\"{\\\"text\\\":\\\"Click to unlock this blueprint\\\",\\\"color\\\":\\\"white\\\",\\\"bold\\\":false,\\\"italic\\\":false,\\\"underlined\\\":false,\\\"strikethrough\\\":false,\\\"obfuscated\\\":false}\"]},CustomModelData:2,Recipes:[\"minecraft:iron_axe\"]}"
            }
          ]
        },
        {
          "type": "minecraft:item",
          "name": "minecraft:knowledge_book",
          "functions": [
            {
              "function": "set_nbt",
              "tag": "{display:{Name:\"{\\\"text\\\":\\\"Iron bars\\\",\\\"color\\\":\\\"blue\\\",\\\"bold\\\":false,\\\"italic\\\":false,\\\"underlined\\\":false,\\\"strikethrough\\\":false,\\\"obfuscated\\\":false}\",Lore:[\"{\\\"text\\\":\\\"Click to unlock this blueprint\\\",\\\"color\\\":\\\"white\\\",\\\"bold\\\":false,\\\"italic\\\":false,\\\"underlined\\\":false,\\\"strikethrough\\\":false,\\\"obfuscated\\\":false}\"]},CustomModelData:2,Recipes:[\"minecraft:iron_bars\"]}"
            }
          ]
        },
        {
          "type": "minecraft:item",
          "name": "minecraft:knowledge_book",
          "functions": [
            {
              "function": "set_nbt",
              "tag": "{display:{Name:\"{\\\"text\\\":\\\"Iron boots\\\",\\\"color\\\":\\\"blue\\\",\\\"bold\\\":false,\\\"italic\\\":false,\\\"underlined\\\":false,\\\"strikethrough\\\":false,\\\"obfuscated\\\":false}\",Lore:[\"{\\\"text\\\":\\\"Click to unlock this blueprint\\\",\\\"color\\\":\\\"white\\\",\\\"bold\\\":false,\\\"italic\\\":false,\\\"underlined\\\":false,\\\"strikethrough\\\":false,\\\"obfuscated\\\":false}\"]},CustomModelData:2,Recipes:[\"minecraft:iron_boots\"]}"
            }
          ]
        },
        {
          "type": "minecraft:item",
          "name": "minecraft:knowledge_book",
          "functions": [
            {
              "function": "set_nbt",
              "tag": "{display:{Name:\"{\\\"text\\\":\\\"Iron chestplate\\\",\\\"color\\\":\\\"blue\\\",\\\"bold\\\":false,\\\"italic\\\":false,\\\"underlined\\\":false,\\\"strikethrough\\\":false,\\\"obfuscated\\\":false}\",Lore:[\"{\\\"text\\\":\\\"Click to unlock this blueprint\\\",\\\"color\\\":\\\"white\\\",\\\"bold\\\":false,\\\"italic\\\":false,\\\"underlined\\\":false,\\\"strikethrough\\\":false,\\\"obfuscated\\\":false}\"]},CustomModelData:2,Recipes:[\"minecraft:iron_chestplate\"]}"
            }
          ]
        },
        {
          "type": "minecraft:item",
          "name": "minecraft:knowledge_book",
          "functions": [
            {
              "function": "set_nbt",
              "tag": "{display:{Name:\"{\\\"text\\\":\\\"Iron door\\\",\\\"color\\\":\\\"blue\\\",\\\"bold\\\":false,\\\"italic\\\":false,\\\"underlined\\\":false,\\\"strikethrough\\\":false,\\\"obfuscated\\\":false}\",Lore:[\"{\\\"text\\\":\\\"Click to unlock this blueprint\\\",\\\"color\\\":\\\"white\\\",\\\"bold\\\":false,\\\"italic\\\":false,\\\"underlined\\\":false,\\\"strikethrough\\\":false,\\\"obfuscated\\\":false}\"]},CustomModelData:2,Recipes:[\"minecraft:iron_door\"]}"
            }
          ]
        },
        {
          "type": "minecraft:item",
          "name": "minecraft:knowledge_book",
          "functions": [
            {
              "function": "set_nbt",
              "tag": "{display:{Name:\"{\\\"text\\\":\\\"Iron helmet\\\",\\\"color\\\":\\\"blue\\\",\\\"bold\\\":false,\\\"italic\\\":false,\\\"underlined\\\":false,\\\"strikethrough\\\":false,\\\"obfuscated\\\":false}\",Lore:[\"{\\\"text\\\":\\\"Click to unlock this blueprint\\\",\\\"color\\\":\\\"white\\\",\\\"bold\\\":false,\\\"italic\\\":false,\\\"underlined\\\":false,\\\"strikethrough\\\":false,\\\"obfuscated\\\":false}\"]},CustomModelData:2,Recipes:[\"minecraft:iron_helmet\"]}"
            }
          ]
        },
        {
          "type": "minecraft:item",
          "name": "minecraft:knowledge_book",
          "functions": [
            {
              "function": "set_nbt",
              "tag": "{display:{Name:\"{\\\"text\\\":\\\"Iron hoe\\\",\\\"color\\\":\\\"blue\\\",\\\"bold\\\":false,\\\"italic\\\":false,\\\"underlined\\\":false,\\\"strikethrough\\\":false,\\\"obfuscated\\\":false}\",Lore:[\"{\\\"text\\\":\\\"Click to unlock this blueprint\\\",\\\"color\\\":\\\"white\\\",\\\"bold\\\":false,\\\"italic\\\":false,\\\"underlined\\\":false,\\\"strikethrough\\\":false,\\\"obfuscated\\\":false}\"]},CustomModelData:2,Recipes:[\"minecraft:iron_hoe\"]}"
            }
          ]
        },
        {
          "type": "minecraft:item",
          "name": "minecraft:knowledge_book",
          "functions": [
            {
              "function": "set_nbt",
              "tag": "{display:{Name:\"{\\\"text\\\":\\\"Iron leggings\\\",\\\"color\\\":\\\"blue\\\",\\\"bold\\\":false,\\\"italic\\\":false,\\\"underlined\\\":false,\\\"strikethrough\\\":false,\\\"obfuscated\\\":false}\",Lore:[\"{\\\"text\\\":\\\"Click to unlock this blueprint\\\",\\\"color\\\":\\\"white\\\",\\\"bold\\\":false,\\\"italic\\\":false,\\\"underlined\\\":false,\\\"strikethrough\\\":false,\\\"obfuscated\\\":false}\"]},CustomModelData:2,Recipes:[\"minecraft:iron_leggings\"]}"
            }
          ]
        },
        {
          "type": "minecraft:item",
          "name": "minecraft:knowledge_book",
          "functions": [
            {
              "function": "set_nbt",
              "tag": "{display:{Name:\"{\\\"text\\\":\\\"Iron pickaxe\\\",\\\"color\\\":\\\"blue\\\",\\\"bold\\\":false,\\\"italic\\\":false,\\\"underlined\\\":false,\\\"strikethrough\\\":false,\\\"obfuscated\\\":false}\",Lore:[\"{\\\"text\\\":\\\"Click to unlock this blueprint\\\",\\\"color\\\":\\\"white\\\",\\\"bold\\\":false,\\\"italic\\\":false,\\\"underlined\\\":false,\\\"strikethrough\\\":false,\\\"obfuscated\\\":false}\"]},CustomModelData:2,Recipes:[\"minecraft:iron_pickaxe\"]}"
            }
          ]
        },
        {
          "type": "minecraft:item",
          "name": "minecraft:knowledge_book",
          "functions": [
            {
              "function": "set_nbt",
              "tag": "{display:{Name:\"{\\\"text\\\":\\\"Iron shovel\\\",\\\"color\\\":\\\"blue\\\",\\\"bold\\\":false,\\\"italic\\\":false,\\\"underlined\\\":false,\\\"strikethrough\\\":false,\\\"obfuscated\\\":false}\",Lore:[\"{\\\"text\\\":\\\"Click to unlock this blueprint\\\",\\\"color\\\":\\\"white\\\",\\\"bold\\\":false,\\\"italic\\\":false,\\\"underlined\\\":false,\\\"strikethrough\\\":false,\\\"obfuscated\\\":false}\"]},CustomModelData:2,Recipes:[\"minecraft:iron_shovel\"]}"
            }
          ]
        },
        {
          "type": "minecraft:item",
          "name": "minecraft:knowledge_book",
          "functions": [
            {
              "function": "set_nbt",
              "tag": "{display:{Name:\"{\\\"text\\\":\\\"Iron sword\\\",\\\"color\\\":\\\"blue\\\",\\\"bold\\\":false,\\\"italic\\\":false,\\\"underlined\\\":false,\\\"strikethrough\\\":false,\\\"obfuscated\\\":false}\",Lore:[\"{\\\"text\\\":\\\"Click to unlock this blueprint\\\",\\\"color\\\":\\\"white\\\",\\\"bold\\\":false,\\\"italic\\\":false,\\\"underlined\\\":false,\\\"strikethrough\\\":false,\\\"obfuscated\\\":false}\"]},CustomModelData:2,Recipes:[\"minecraft:iron_sword\"]}"
            }
          ]
        },
        {
          "type": "minecraft:item",
          "name": "minecraft:knowledge_book",
          "functions": [
            {
              "function": "set_nbt",
              "tag": "{display:{Name:\"{\\\"text\\\":\\\"Iron trapdoor\\\",\\\"color\\\":\\\"blue\\\",\\\"bold\\\":false,\\\"italic\\\":false,\\\"underlined\\\":false,\\\"strikethrough\\\":false,\\\"obfuscated\\\":false}\",Lore:[\"{\\\"text\\\":\\\"Click to unlock this blueprint\\\",\\\"color\\\":\\\"white\\\",\\\"bold\\\":false,\\\"italic\\\":false,\\\"underlined\\\":false,\\\"strikethrough\\\":false,\\\"obfuscated\\\":false}\"]},CustomModelData:2,Recipes:[\"minecraft:iron_trapdoor\"]}"
            }
          ]
        },
        {
          "type": "minecraft:item",
          "name": "minecraft:knowledge_book",
          "functions": [
            {
              "function": "set_nbt",
              "tag": "{display:{Name:\"{\\\"text\\\":\\\"Item frame\\\",\\\"color\\\":\\\"blue\\\",\\\"bold\\\":false,\\\"italic\\\":false,\\\"underlined\\\":false,\\\"strikethrough\\\":false,\\\"obfuscated\\\":false}\",Lore:[\"{\\\"text\\\":\\\"Click to unlock this blueprint\\\",\\\"color\\\":\\\"white\\\",\\\"bold\\\":false,\\\"italic\\\":false,\\\"underlined\\\":false,\\\"strikethrough\\\":false,\\\"obfuscated\\\":false}\"]},CustomModelData:2,Recipes:[\"minecraft:item_frame\"]}"
            }
          ]
        },
        {
          "type": "minecraft:item",
          "name": "minecraft:knowledge_book",
          "functions": [
            {
              "function": "set_nbt",
              "tag": "{display:{Name:\"{\\\"text\\\":\\\"Jukebox\\\",\\\"color\\\":\\\"blue\\\",\\\"bold\\\":false,\\\"italic\\\":false,\\\"underlined\\\":false,\\\"strikethrough\\\":false,\\\"obfuscated\\\":false}\",Lore:[\"{\\\"text\\\":\\\"Click to unlock this blueprint\\\",\\\"color\\\":\\\"white\\\",\\\"bold\\\":false,\\\"italic\\\":false,\\\"underlined\\\":false,\\\"strikethrough\\\":false,\\\"obfuscated\\\":false}\"]},CustomModelData:2,Recipes:[\"minecraft:jukebox\"]}"
            }
          ]
        },
        {
          "type": "minecraft:item",
          "name": "minecraft:knowledge_book",
          "functions": [
            {
              "function": "set_nbt",
              "tag": "{display:{Name:\"{\\\"text\\\":\\\"Lead\\\",\\\"color\\\":\\\"blue\\\",\\\"bold\\\":false,\\\"italic\\\":false,\\\"underlined\\\":false,\\\"strikethrough\\\":false,\\\"obfuscated\\\":false}\",Lore:[\"{\\\"text\\\":\\\"Click to unlock this blueprint\\\",\\\"color\\\":\\\"white\\\",\\\"bold\\\":false,\\\"italic\\\":false,\\\"underlined\\\":false,\\\"strikethrough\\\":false,\\\"obfuscated\\\":false}\"]},CustomModelData:2,Recipes:[\"minecraft:lead\"]}"
            }
          ]
        },
        {
          "type": "minecraft:item",
          "name": "minecraft:knowledge_book",
          "functions": [
            {
              "function": "set_nbt",
              "tag": "{display:{Name:\"{\\\"text\\\":\\\"Loom\\\",\\\"color\\\":\\\"blue\\\",\\\"bold\\\":false,\\\"italic\\\":false,\\\"underlined\\\":false,\\\"strikethrough\\\":false,\\\"obfuscated\\\":false}\",Lore:[\"{\\\"text\\\":\\\"Click to unlock this blueprint\\\",\\\"color\\\":\\\"white\\\",\\\"bold\\\":false,\\\"italic\\\":false,\\\"underlined\\\":false,\\\"strikethrough\\\":false,\\\"obfuscated\\\":false}\"]},CustomModelData:2,Recipes:[\"minecraft:loom\"]}"
            }
          ]
        },
        {
          "type": "minecraft:item",
          "name": "minecraft:knowledge_book",
          "functions": [
            {
              "function": "set_nbt",
              "tag": "{display:{Name:\"{\\\"text\\\":\\\"Magma cream\\\",\\\"color\\\":\\\"blue\\\",\\\"bold\\\":false,\\\"italic\\\":false,\\\"underlined\\\":false,\\\"strikethrough\\\":false,\\\"obfuscated\\\":false}\",Lore:[\"{\\\"text\\\":\\\"Click to unlock this blueprint\\\",\\\"color\\\":\\\"white\\\",\\\"bold\\\":false,\\\"italic\\\":false,\\\"underlined\\\":false,\\\"strikethrough\\\":false,\\\"obfuscated\\\":false}\"]},CustomModelData:2,Recipes:[\"minecraft:magma_cream\"]}"
            }
          ]
        },
        {
          "type": "minecraft:item",
          "name": "minecraft:knowledge_book",
          "functions": [
            {
              "function": "set_nbt",
              "tag": "{display:{Name:\"{\\\"text\\\":\\\"Map\\\",\\\"color\\\":\\\"blue\\\",\\\"bold\\\":false,\\\"italic\\\":false,\\\"underlined\\\":false,\\\"strikethrough\\\":false,\\\"obfuscated\\\":false}\",Lore:[\"{\\\"text\\\":\\\"Click to unlock this blueprint\\\",\\\"color\\\":\\\"white\\\",\\\"bold\\\":false,\\\"italic\\\":false,\\\"underlined\\\":false,\\\"strikethrough\\\":false,\\\"obfuscated\\\":false}\"]},CustomModelData:2,Recipes:[\"minecraft:map\"]}"
            }
          ]
        },
        {
          "type": "minecraft:item",
          "name": "minecraft:knowledge_book",
          "functions": [
            {
              "function": "set_nbt",
              "tag": "{display:{Name:\"{\\\"text\\\":\\\"Minecart\\\",\\\"color\\\":\\\"blue\\\",\\\"bold\\\":false,\\\"italic\\\":false,\\\"underlined\\\":false,\\\"strikethrough\\\":false,\\\"obfuscated\\\":false}\",Lore:[\"{\\\"text\\\":\\\"Click to unlock this blueprint\\\",\\\"color\\\":\\\"white\\\",\\\"bold\\\":false,\\\"italic\\\":false,\\\"underlined\\\":false,\\\"strikethrough\\\":false,\\\"obfuscated\\\":false}\"]},CustomModelData:2,Recipes:[\"minecraft:minecart\"]}"
            }
          ]
        },
        {
          "type": "minecraft:item",
          "name": "minecraft:knowledge_book",
          "functions": [
            {
              "function": "set_nbt",
              "tag": "{display:{Name:\"{\\\"text\\\":\\\"Note block\\\",\\\"color\\\":\\\"blue\\\",\\\"bold\\\":false,\\\"italic\\\":false,\\\"underlined\\\":false,\\\"strikethrough\\\":false,\\\"obfuscated\\\":false}\",Lore:[\"{\\\"text\\\":\\\"Click to unlock this blueprint\\\",\\\"color\\\":\\\"white\\\",\\\"bold\\\":false,\\\"italic\\\":false,\\\"underlined\\\":false,\\\"strikethrough\\\":false,\\\"obfuscated\\\":false}\"]},CustomModelData:2,Recipes:[\"minecraft:note_block\"]}"
            }
          ]
        },
        {
          "type": "minecraft:item",
          "name": "minecraft:knowledge_book",
          "functions": [
            {
              "function": "set_nbt",
              "tag": "{display:{Name:\"{\\\"text\\\":\\\"Observer\\\",\\\"color\\\":\\\"blue\\\",\\\"bold\\\":false,\\\"italic\\\":false,\\\"underlined\\\":false,\\\"strikethrough\\\":false,\\\"obfuscated\\\":false}\",Lore:[\"{\\\"text\\\":\\\"Click to unlock this blueprint\\\",\\\"color\\\":\\\"white\\\",\\\"bold\\\":false,\\\"italic\\\":false,\\\"underlined\\\":false,\\\"strikethrough\\\":false,\\\"obfuscated\\\":false}\"]},CustomModelData:2,Recipes:[\"minecraft:observer\"]}"
            }
          ]
        },
        {
          "type": "minecraft:item",
          "name": "minecraft:knowledge_book",
          "functions": [
            {
              "function": "set_nbt",
              "tag": "{display:{Name:\"{\\\"text\\\":\\\"Piston\\\",\\\"color\\\":\\\"blue\\\",\\\"bold\\\":false,\\\"italic\\\":false,\\\"underlined\\\":false,\\\"strikethrough\\\":false,\\\"obfuscated\\\":false}\",Lore:[\"{\\\"text\\\":\\\"Click to unlock this blueprint\\\",\\\"color\\\":\\\"white\\\",\\\"bold\\\":false,\\\"italic\\\":false,\\\"underlined\\\":false,\\\"strikethrough\\\":false,\\\"obfuscated\\\":false}\"]},CustomModelData:2,Recipes:[\"minecraft:piston\"]}"
            }
          ]
        },
        {
          "type": "minecraft:item",
          "name": "minecraft:knowledge_book",
          "functions": [
            {
              "function": "set_nbt",
              "tag": "{display:{Name:\"{\\\"text\\\":\\\"Powered rail\\\",\\\"color\\\":\\\"blue\\\",\\\"bold\\\":false,\\\"italic\\\":false,\\\"underlined\\\":false,\\\"strikethrough\\\":false,\\\"obfuscated\\\":false}\",Lore:[\"{\\\"text\\\":\\\"Click to unlock this blueprint\\\",\\\"color\\\":\\\"white\\\",\\\"bold\\\":false,\\\"italic\\\":false,\\\"underlined\\\":false,\\\"strikethrough\\\":false,\\\"obfuscated\\\":false}\"]},CustomModelData:2,Recipes:[\"minecraft:powered_rail\"]}"
            }
          ]
        },
        {
          "type": "minecraft:item",
          "name": "minecraft:knowledge_book",
          "functions": [
            {
              "function": "set_nbt",
              "tag": "{display:{Name:\"{\\\"text\\\":\\\"Redstone lamp\\\",\\\"color\\\":\\\"blue\\\",\\\"bold\\\":false,\\\"italic\\\":false,\\\"underlined\\\":false,\\\"strikethrough\\\":false,\\\"obfuscated\\\":false}\",Lore:[\"{\\\"text\\\":\\\"Click to unlock this blueprint\\\",\\\"color\\\":\\\"white\\\",\\\"bold\\\":false,\\\"italic\\\":false,\\\"underlined\\\":false,\\\"strikethrough\\\":false,\\\"obfuscated\\\":false}\"]},CustomModelData:2,Recipes:[\"minecraft:redstone_lamp\"]}"
            }
          ]
        },
        {
          "type": "minecraft:item",
          "name": "minecraft:knowledge_book",
          "functions": [
            {
              "function": "set_nbt",
              "tag": "{display:{Name:\"{\\\"text\\\":\\\"Repeater\\\",\\\"color\\\":\\\"blue\\\",\\\"bold\\\":false,\\\"italic\\\":false,\\\"underlined\\\":false,\\\"strikethrough\\\":false,\\\"obfuscated\\\":false}\",Lore:[\"{\\\"text\\\":\\\"Click to unlock this blueprint\\\",\\\"color\\\":\\\"white\\\",\\\"bold\\\":false,\\\"italic\\\":false,\\\"underlined\\\":false,\\\"strikethrough\\\":false,\\\"obfuscated\\\":false}\"]},CustomModelData:2,Recipes:[\"minecraft:repeater\"]}"
            }
          ]
        },
        {
          "type": "minecraft:item",
          "name": "minecraft:knowledge_book",
          "functions": [
            {
              "function": "set_nbt",
              "tag": "{display:{Name:\"{\\\"text\\\":\\\"Scaffolding\\\",\\\"color\\\":\\\"blue\\\",\\\"bold\\\":false,\\\"italic\\\":false,\\\"underlined\\\":false,\\\"strikethrough\\\":false,\\\"obfuscated\\\":false}\",Lore:[\"{\\\"text\\\":\\\"Click to unlock this blueprint\\\",\\\"color\\\":\\\"white\\\",\\\"bold\\\":false,\\\"italic\\\":false,\\\"underlined\\\":false,\\\"strikethrough\\\":false,\\\"obfuscated\\\":false}\"]},CustomModelData:2,Recipes:[\"minecraft:scaffolding\"]}"
            }
          ]
        },
        {
          "type": "minecraft:item",
          "name": "minecraft:knowledge_book",
          "functions": [
            {
              "function": "set_nbt",
              "tag": "{display:{Name:\"{\\\"text\\\":\\\"Shears\\\",\\\"color\\\":\\\"blue\\\",\\\"bold\\\":false,\\\"italic\\\":false,\\\"underlined\\\":false,\\\"strikethrough\\\":false,\\\"obfuscated\\\":false}\",Lore:[\"{\\\"text\\\":\\\"Click to unlock this blueprint\\\",\\\"color\\\":\\\"white\\\",\\\"bold\\\":false,\\\"italic\\\":false,\\\"underlined\\\":false,\\\"strikethrough\\\":false,\\\"obfuscated\\\":false}\"]},CustomModelData:2,Recipes:[\"minecraft:shears\"]}"
            }
          ]
        },
        {
          "type": "minecraft:item",
          "name": "minecraft:knowledge_book",
          "functions": [
            {
              "function": "set_nbt",
              "tag": "{display:{Name:\"{\\\"text\\\":\\\"Shield\\\",\\\"color\\\":\\\"blue\\\",\\\"bold\\\":false,\\\"italic\\\":false,\\\"underlined\\\":false,\\\"strikethrough\\\":false,\\\"obfuscated\\\":false}\",Lore:[\"{\\\"text\\\":\\\"Click to unlock this blueprint\\\",\\\"color\\\":\\\"white\\\",\\\"bold\\\":false,\\\"italic\\\":false,\\\"underlined\\\":false,\\\"strikethrough\\\":false,\\\"obfuscated\\\":false}\"]},CustomModelData:2,Recipes:[\"minecraft:shield\"]}"
            }
          ]
        },
        {
          "type": "minecraft:item",
          "name": "minecraft:knowledge_book",
          "functions": [
            {
              "function": "set_nbt",
              "tag": "{display:{Name:\"{\\\"text\\\":\\\"Slime\\\",\\\"color\\\":\\\"blue\\\",\\\"bold\\\":false,\\\"italic\\\":false,\\\"underlined\\\":false,\\\"strikethrough\\\":false,\\\"obfuscated\\\":false}\",Lore:[\"{\\\"text\\\":\\\"Click to unlock this blueprint\\\",\\\"color\\\":\\\"white\\\",\\\"bold\\\":false,\\\"italic\\\":false,\\\"underlined\\\":false,\\\"strikethrough\\\":false,\\\"obfuscated\\\":false}\"]},CustomModelData:2,Recipes:[\"minecraft:slime_block\"]}"
            }
          ]
        },
        {
          "type": "minecraft:item",
          "name": "minecraft:knowledge_book",
          "functions": [
            {
              "function": "set_nbt",
              "tag": "{display:{Name:\"{\\\"text\\\":\\\"Smoker\\\",\\\"color\\\":\\\"blue\\\",\\\"bold\\\":false,\\\"italic\\\":false,\\\"underlined\\\":false,\\\"strikethrough\\\":false,\\\"obfuscated\\\":false}\",Lore:[\"{\\\"text\\\":\\\"Click to unlock this blueprint\\\",\\\"color\\\":\\\"white\\\",\\\"bold\\\":false,\\\"italic\\\":false,\\\"underlined\\\":false,\\\"strikethrough\\\":false,\\\"obfuscated\\\":false}\"]},CustomModelData:2,Recipes:[\"minecraft:smoker\"]}"
            }
          ]
        },
        {
          "type": "minecraft:item",
          "name": "minecraft:knowledge_book",
          "functions": [
            {
              "function": "set_nbt",
              "tag": "{display:{Name:\"{\\\"text\\\":\\\"Spectral arrow\\\",\\\"color\\\":\\\"blue\\\",\\\"bold\\\":false,\\\"italic\\\":false,\\\"underlined\\\":false,\\\"strikethrough\\\":false,\\\"obfuscated\\\":false}\",Lore:[\"{\\\"text\\\":\\\"Click to unlock this blueprint\\\",\\\"color\\\":\\\"white\\\",\\\"bold\\\":false,\\\"italic\\\":false,\\\"underlined\\\":false,\\\"strikethrough\\\":false,\\\"obfuscated\\\":false}\"]},CustomModelData:2,Recipes:[\"minecraft:spectral_arrow\"]}"
            }
          ]
        },
        {
          "type": "minecraft:item",
          "name": "minecraft:knowledge_book",
          "functions": [
            {
              "function": "set_nbt",
              "tag": "{display:{Name:\"{\\\"text\\\":\\\"Sticky piston\\\",\\\"color\\\":\\\"blue\\\",\\\"bold\\\":false,\\\"italic\\\":false,\\\"underlined\\\":false,\\\"strikethrough\\\":false,\\\"obfuscated\\\":false}\",Lore:[\"{\\\"text\\\":\\\"Click to unlock this blueprint\\\",\\\"color\\\":\\\"white\\\",\\\"bold\\\":false,\\\"italic\\\":false,\\\"underlined\\\":false,\\\"strikethrough\\\":false,\\\"obfuscated\\\":false}\"]},CustomModelData:2,Recipes:[\"minecraft:sticky_piston\"]}"
            }
          ]
        },
        {
          "type": "minecraft:item",
          "name": "minecraft:knowledge_book",
          "functions": [
            {
              "function": "set_nbt",
              "tag": "{display:{Name:\"{\\\"text\\\":\\\"Tipped arrow\\\",\\\"color\\\":\\\"blue\\\",\\\"bold\\\":false,\\\"italic\\\":false,\\\"underlined\\\":false,\\\"strikethrough\\\":false,\\\"obfuscated\\\":false}\",Lore:[\"{\\\"text\\\":\\\"Click to unlock this blueprint\\\",\\\"color\\\":\\\"white\\\",\\\"bold\\\":false,\\\"italic\\\":false,\\\"underlined\\\":false,\\\"strikethrough\\\":false,\\\"obfuscated\\\":false}\"]},CustomModelData:2,Recipes:[\"minecraft:tipped_arrow\"]}"
            }
          ]
        },
        {
          "type": "minecraft:item",
          "name": "minecraft:knowledge_book",
          "functions": [
            {
              "function": "set_nbt",
              "tag": "{display:{Name:\"{\\\"text\\\":\\\"Tnt\\\",\\\"color\\\":\\\"blue\\\",\\\"bold\\\":false,\\\"italic\\\":false,\\\"underlined\\\":false,\\\"strikethrough\\\":false,\\\"obfuscated\\\":false}\",Lore:[\"{\\\"text\\\":\\\"Click to unlock this blueprint\\\",\\\"color\\\":\\\"white\\\",\\\"bold\\\":false,\\\"italic\\\":false,\\\"underlined\\\":false,\\\"strikethrough\\\":false,\\\"obfuscated\\\":false}\"]},CustomModelData:2,Recipes:[\"minecraft:tnt\"]}"
            }
          ]
        },
        {
          "type": "minecraft:item",
          "name": "minecraft:knowledge_book",
          "functions": [
            {
              "function": "set_nbt",
              "tag": "{display:{Name:\"{\\\"text\\\":\\\"Tnt minecart\\\",\\\"color\\\":\\\"blue\\\",\\\"bold\\\":false,\\\"italic\\\":false,\\\"underlined\\\":false,\\\"strikethrough\\\":false,\\\"obfuscated\\\":false}\",Lore:[\"{\\\"text\\\":\\\"Click to unlock this blueprint\\\",\\\"color\\\":\\\"white\\\",\\\"bold\\\":false,\\\"italic\\\":false,\\\"underlined\\\":false,\\\"strikethrough\\\":false,\\\"obfuscated\\\":false}\"]},CustomModelData:2,Recipes:[\"minecraft:tnt_minecart\"]}"
            }
          ]
        },
        {
          "type": "minecraft:item",
          "name": "minecraft:knowledge_book",
          "functions": [
            {
              "function": "set_nbt",
              "tag": "{display:{Name:\"{\\\"text\\\":\\\"Trapped chest\\\",\\\"color\\\":\\\"blue\\\",\\\"bold\\\":false,\\\"italic\\\":false,\\\"underlined\\\":false,\\\"strikethrough\\\":false,\\\"obfuscated\\\":false}\",Lore:[\"{\\\"text\\\":\\\"Click to unlock this blueprint\\\",\\\"color\\\":\\\"white\\\",\\\"bold\\\":false,\\\"italic\\\":false,\\\"underlined\\\":false,\\\"strikethrough\\\":false,\\\"obfuscated\\\":false}\"]},CustomModelData:2,Recipes:[\"minecraft:trapped_chest\"]}"
            }
          ]
        },
        {
          "type": "minecraft:item",
          "name": "minecraft:knowledge_book",
          "functions": [
            {
              "function": "set_nbt",
              "tag": "{display:{Name:\"{\\\"text\\\":\\\"Tripwire hook\\\",\\\"color\\\":\\\"blue\\\",\\\"bold\\\":false,\\\"italic\\\":false,\\\"underlined\\\":false,\\\"strikethrough\\\":false,\\\"obfuscated\\\":false}\",Lore:[\"{\\\"text\\\":\\\"Click to unlock this blueprint\\\",\\\"color\\\":\\\"white\\\",\\\"bold\\\":false,\\\"italic\\\":false,\\\"underlined\\\":false,\\\"strikethrough\\\":false,\\\"obfuscated\\\":false}\"]},CustomModelData:2,Recipes:[\"minecraft:tripwire_hook\"]}"
            }
          ]
        },
        {
          "type": "minecraft:item",
          "name": "minecraft:knowledge_book",
          "functions": [
            {
              "function": "set_nbt",
              "tag": "{display:{Name:\"{\\\"text\\\":\\\"Weighted pressure plate\\\",\\\"color\\\":\\\"blue\\\",\\\"bold\\\":false,\\\"italic\\\":false,\\\"underlined\\\":false,\\\"strikethrough\\\":false,\\\"obfuscated\\\":false}\",Lore:[\"{\\\"text\\\":\\\"Click to unlock this blueprint\\\",\\\"color\\\":\\\"white\\\",\\\"bold\\\":false,\\\"italic\\\":false,\\\"underlined\\\":false,\\\"strikethrough\\\":false,\\\"obfuscated\\\":false}\"]},CustomModelData:2,Recipes:[\"minecraft:heavy_weighted_pressure_plate\",\"minecraft:light_weighted_pressure_plate\"]}"
            }
          ]
        },
        {
          "type": "minecraft:item",
          "name": "minecraft:knowledge_book",
          "functions": [
            {
              "function": "set_nbt",
              "tag": "{display:{Name:\"{\\\"text\\\":\\\"Writable book\\\",\\\"color\\\":\\\"blue\\\",\\\"bold\\\":false,\\\"italic\\\":false,\\\"underlined\\\":false,\\\"strikethrough\\\":false,\\\"obfuscated\\\":false}\",Lore:[\"{\\\"text\\\":\\\"Click to unlock this blueprint\\\",\\\"color\\\":\\\"white\\\",\\\"bold\\\":false,\\\"italic\\\":false,\\\"underlined\\\":false,\\\"strikethrough\\\":false,\\\"obfuscated\\\":false}\"]},CustomModelData:2,Recipes:[\"minecraft:writable_book\"]}"
            }
          ]
        }
      ]
    }
  ]
}