{
  "type": "minecraft:chest",
  "pools": [
    {
      "rolls": 1,
      "entries": [
        {
          "type": "minecraft:item",
          "name": "minecraft:knowledge_book",
          "functions": [
            {
              "function": "set_nbt",
              "tag": "{display:{Name:\"{\\\"text\\\":\\\"Beacon\\\",\\\"color\\\":\\\"red\\\",\\\"bold\\\":false,\\\"italic\\\":false,\\\"underlined\\\":false,\\\"strikethrough\\\":false,\\\"obfuscated\\\":false}\",Lore:[\"{\\\"text\\\":\\\"Click to unlock this blueprint\\\",\\\"color\\\":\\\"white\\\",\\\"bold\\\":false,\\\"italic\\\":false,\\\"underlined\\\":false,\\\"strikethrough\\\":false,\\\"obfuscated\\\":false}\"]},CustomModelData:3,Recipes:[\"minecraft:beacon\"]}"
            }
          ]
        },
        {
          "type": "minecraft:item",
          "name": "minecraft:knowledge_book",
          "functions": [
            {
              "function": "set_nbt",
              "tag": "{display:{Name:\"{\\\"text\\\":\\\"Conduit\\\",\\\"color\\\":\\\"red\\\",\\\"bold\\\":false,\\\"italic\\\":false,\\\"underlined\\\":false,\\\"strikethrough\\\":false,\\\"obfuscated\\\":false}\",Lore:[\"{\\\"text\\\":\\\"Click to unlock this blueprint\\\",\\\"color\\\":\\\"white\\\",\\\"bold\\\":false,\\\"italic\\\":false,\\\"underlined\\\":false,\\\"strikethrough\\\":false,\\\"obfuscated\\\":false}\"]},CustomModelData:3,Recipes:[\"minecraft:conduit\"]}"
            }
          ]
        },
        {
          "type": "minecraft:item",
          "name": "minecraft:knowledge_book",
          "functions": [
            {
              "function": "set_nbt",
              "tag": "{display:{Name:\"{\\\"text\\\":\\\"Diamond axe\\\",\\\"color\\\":\\\"red\\\",\\\"bold\\\":false,\\\"italic\\\":false,\\\"underlined\\\":false,\\\"strikethrough\\\":false,\\\"obfuscated\\\":false}\",Lore:[\"{\\\"text\\\":\\\"Click to unlock this blueprint\\\",\\\"color\\\":\\\"white\\\",\\\"bold\\\":false,\\\"italic\\\":false,\\\"underlined\\\":false,\\\"strikethrough\\\":false,\\\"obfuscated\\\":false}\"]},CustomModelData:3,Recipes:[\"minecraft:diamond_axe\"]}"
            }
          ]
        },
        {
          "type": "minecraft:item",
          "name": "minecraft:knowledge_book",
          "functions": [
            {
              "function": "set_nbt",
              "tag": "{display:{Name:\"{\\\"text\\\":\\\"Diamond boots\\\",\\\"color\\\":\\\"red\\\",\\\"bold\\\":false,\\\"italic\\\":false,\\\"underlined\\\":false,\\\"strikethrough\\\":false,\\\"obfuscated\\\":false}\",Lore:[\"{\\\"text\\\":\\\"Click to unlock this blueprint\\\",\\\"color\\\":\\\"white\\\",\\\"bold\\\":false,\\\"italic\\\":false,\\\"underlined\\\":false,\\\"strikethrough\\\":false,\\\"obfuscated\\\":false}\"]},CustomModelData:3,Recipes:[\"minecraft:diamond_boots\"]}"
            }
          ]
        },
        {
          "type": "minecraft:item",
          "name": "minecraft:knowledge_book",
          "functions": [
            {
              "function": "set_nbt",
              "tag": "{display:{Name:\"{\\\"text\\\":\\\"Diamond chestplate\\\",\\\"color\\\":\\\"red\\\",\\\"bold\\\":false,\\\"italic\\\":false,\\\"underlined\\\":false,\\\"strikethrough\\\":false,\\\"obfuscated\\\":false}\",Lore:[\"{\\\"text\\\":\\\"Click to unlock this blueprint\\\",\\\"color\\\":\\\"white\\\",\\\"bold\\\":false,\\\"italic\\\":false,\\\"underlined\\\":false,\\\"strikethrough\\\":false,\\\"obfuscated\\\":false}\"]},CustomModelData:3,Recipes:[\"minecraft:diamond_chestplate\"]}"
            }
          ]
        },
        {
          "type": "minecraft:item",
          "name": "minecraft:knowledge_book",
          "functions": [
            {
              "function": "set_nbt",
              "tag": "{display:{Name:\"{\\\"text\\\":\\\"Diamond helmet\\\",\\\"color\\\":\\\"red\\\",\\\"bold\\\":false,\\\"italic\\\":false,\\\"underlined\\\":false,\\\"strikethrough\\\":false,\\\"obfuscated\\\":false}\",Lore:[\"{\\\"text\\\":\\\"Click to unlock this blueprint\\\",\\\"color\\\":\\\"white\\\",\\\"bold\\\":false,\\\"italic\\\":false,\\\"underlined\\\":false,\\\"strikethrough\\\":false,\\\"obfuscated\\\":false}\"]},CustomModelData:3,Recipes:[\"minecraft:diamond_helmet\"]}"
            }
          ]
        },
        {
          "type": "minecraft:item",
          "name": "minecraft:knowledge_book",
          "functions": [
            {
              "function": "set_nbt",
              "tag": "{display:{Name:\"{\\\"text\\\":\\\"Diamond hoe\\\",\\\"color\\\":\\\"red\\\",\\\"bold\\\":false,\\\"italic\\\":false,\\\"underlined\\\":false,\\\"strikethrough\\\":false,\\\"obfuscated\\\":false}\",Lore:[\"{\\\"text\\\":\\\"Click to unlock this blueprint\\\",\\\"color\\\":\\\"white\\\",\\\"bold\\\":false,\\\"italic\\\":false,\\\"underlined\\\":false,\\\"strikethrough\\\":false,\\\"obfuscated\\\":false}\"]},CustomModelData:3,Recipes:[\"minecraft:diamond_hoe\"]}"
            }
          ]
        },
        {
          "type": "minecraft:item",
          "name": "minecraft:knowledge_book",
          "functions": [
            {
              "function": "set_nbt",
              "tag": "{display:{Name:\"{\\\"text\\\":\\\"Diamond leggings\\\",\\\"color\\\":\\\"red\\\",\\\"bold\\\":false,\\\"italic\\\":false,\\\"underlined\\\":false,\\\"strikethrough\\\":false,\\\"obfuscated\\\":false}\",Lore:[\"{\\\"text\\\":\\\"Click to unlock this blueprint\\\",\\\"color\\\":\\\"white\\\",\\\"bold\\\":false,\\\"italic\\\":false,\\\"underlined\\\":false,\\\"strikethrough\\\":false,\\\"obfuscated\\\":false}\"]},CustomModelData:3,Recipes:[\"minecraft:diamond_leggings\"]}"
            }
          ]
        },
        {
          "type": "minecraft:item",
          "name": "minecraft:knowledge_book",
          "functions": [
            {
              "function": "set_nbt",
              "tag": "{display:{Name:\"{\\\"text\\\":\\\"Diamond pickaxe\\\",\\\"color\\\":\\\"red\\\",\\\"bold\\\":false,\\\"italic\\\":false,\\\"underlined\\\":false,\\\"strikethrough\\\":false,\\\"obfuscated\\\":false}\",Lore:[\"{\\\"text\\\":\\\"Click to unlock this blueprint\\\",\\\"color\\\":\\\"white\\\",\\\"bold\\\":false,\\\"italic\\\":false,\\\"underlined\\\":false,\\\"strikethrough\\\":false,\\\"obfuscated\\\":false}\"]},CustomModelData:3,Recipes:[\"minecraft:diamond_pickaxe\"]}"
            }
          ]
        },
        {
          "type": "minecraft:item",
          "name": "minecraft:knowledge_book",
          "functions": [
            {
              "function": "set_nbt",
              "tag": "{display:{Name:\"{\\\"text\\\":\\\"Diamond shovel\\\",\\\"color\\\":\\\"red\\\",\\\"bold\\\":false,\\\"italic\\\":false,\\\"underlined\\\":false,\\\"strikethrough\\\":false,\\\"obfuscated\\\":false}\",Lore:[\"{\\\"text\\\":\\\"Click to unlock this blueprint\\\",\\\"color\\\":\\\"white\\\",\\\"bold\\\":false,\\\"italic\\\":false,\\\"underlined\\\":false,\\\"strikethrough\\\":false,\\\"obfuscated\\\":false}\"]},CustomModelData:3,Recipes:[\"minecraft:diamond_shovel\"]}"
            }
          ]
        },
        {
          "type": "minecraft:item",
          "name": "minecraft:knowledge_book",
          "functions": [
            {
              "function": "set_nbt",
              "tag": "{display:{Name:\"{\\\"text\\\":\\\"Diamond sword\\\",\\\"color\\\":\\\"red\\\",\\\"bold\\\":false,\\\"italic\\\":false,\\\"underlined\\\":false,\\\"strikethrough\\\":false,\\\"obfuscated\\\":false}\",Lore:[\"{\\\"text\\\":\\\"Click to unlock this blueprint\\\",\\\"color\\\":\\\"white\\\",\\\"bold\\\":false,\\\"italic\\\":false,\\\"underlined\\\":false,\\\"strikethrough\\\":false,\\\"obfuscated\\\":false}\"]},CustomModelData:3,Recipes:[\"minecraft:diamond_sword\"]}"
            }
          ]
        },
        {
          "type": "minecraft:item",
          "name": "minecraft:knowledge_book",
          "functions": [
            {
              "function": "set_nbt",
              "tag": "{display:{Name:\"{\\\"text\\\":\\\"Enchanting table\\\",\\\"color\\\":\\\"red\\\",\\\"bold\\\":false,\\\"italic\\\":false,\\\"underlined\\\":false,\\\"strikethrough\\\":false,\\\"obfuscated\\\":false}\",Lore:[\"{\\\"text\\\":\\\"Click to unlock this blueprint\\\",\\\"color\\\":\\\"white\\\",\\\"bold\\\":false,\\\"italic\\\":false,\\\"underlined\\\":false,\\\"strikethrough\\\":false,\\\"obfuscated\\\":false}\"]},CustomModelData:3,Recipes:[\"minecraft:enchanting_table\"]}"
            }
          ]
        },
        {
          "type": "minecraft:item",
          "name": "minecraft:knowledge_book",
          "functions": [
            {
              "function": "set_nbt",
              "tag": "{display:{Name:\"{\\\"text\\\":\\\"End crystal\\\",\\\"color\\\":\\\"red\\\",\\\"bold\\\":false,\\\"italic\\\":false,\\\"underlined\\\":false,\\\"strikethrough\\\":false,\\\"obfuscated\\\":false}\",Lore:[\"{\\\"text\\\":\\\"Click to unlock this blueprint\\\",\\\"color\\\":\\\"white\\\",\\\"bold\\\":false,\\\"italic\\\":false,\\\"underlined\\\":false,\\\"strikethrough\\\":false,\\\"obfuscated\\\":false}\"]},CustomModelData:3,Recipes:[\"minecraft:end_crystal\"]}"
            }
          ]
        },
        {
          "type": "minecraft:item",
          "name": "minecraft:knowledge_book",
          "functions": [
            {
              "function": "set_nbt",
              "tag": "{display:{Name:\"{\\\"text\\\":\\\"Ender chest\\\",\\\"color\\\":\\\"red\\\",\\\"bold\\\":false,\\\"italic\\\":false,\\\"underlined\\\":false,\\\"strikethrough\\\":false,\\\"obfuscated\\\":false}\",Lore:[\"{\\\"text\\\":\\\"Click to unlock this blueprint\\\",\\\"color\\\":\\\"white\\\",\\\"bold\\\":false,\\\"italic\\\":false,\\\"underlined\\\":false,\\\"strikethrough\\\":false,\\\"obfuscated\\\":false}\"]},CustomModelData:3,Recipes:[\"minecraft:ender_chest\"]}"
            }
          ]
        },
        {
          "type": "minecraft:item",
          "name": "minecraft:knowledge_book",
          "functions": [
            {
              "function": "set_nbt",
              "tag": "{display:{Name:\"{\\\"text\\\":\\\"Golden apple\\\",\\\"color\\\":\\\"red\\\",\\\"bold\\\":false,\\\"italic\\\":false,\\\"underlined\\\":false,\\\"strikethrough\\\":false,\\\"obfuscated\\\":false}\",Lore:[\"{\\\"text\\\":\\\"Click to unlock this blueprint\\\",\\\"color\\\":\\\"white\\\",\\\"bold\\\":false,\\\"italic\\\":false,\\\"underlined\\\":false,\\\"strikethrough\\\":false,\\\"obfuscated\\\":false}\"]},CustomModelData:3,Recipes:[\"minecraft:golden_apple\"]}"
            }
          ]
        },
        {
          "type": "minecraft:item",
          "name": "minecraft:knowledge_book",
          "functions": [
            {
              "function": "set_nbt",
              "tag": "{display:{Name:\"{\\\"text\\\":\\\"Shulker box\\\",\\\"color\\\":\\\"red\\\",\\\"bold\\\":false,\\\"italic\\\":false,\\\"underlined\\\":false,\\\"strikethrough\\\":false,\\\"obfuscated\\\":false}\",Lore:[\"{\\\"text\\\":\\\"Click to unlock this blueprint\\\",\\\"color\\\":\\\"white\\\",\\\"bold\\\":false,\\\"italic\\\":false,\\\"underlined\\\":false,\\\"strikethrough\\\":false,\\\"obfuscated\\\":false}\"]},CustomModelData:3,Recipes:[\"minecraft:black_shulker_box\",\"minecraft:blue_shulker_box\",\"minecraft:brown_shulker_box\",\"minecraft:cyan_shulker_box\",\"minecraft:gray_shulker_box\",\"minecraft:green_shulker_box\",\"minecraft:light_blue_shulker_box\",\"minecraft:light_gray_shulker_box\",\"minecraft:lime_shulker_box\",\"minecraft:magenta_shulker_box\",\"minecraft:orange_shulker_box\",\"minecraft:pink_shulker_box\",\"minecraft:purple_shulker_box\",\"minecraft:red_shulker_box\",\"minecraft:shulker_box\",\"minecraft:white_shulker_box\",\"minecraft:yellow_shulker_box\"]}"
            }
          ]
        }
      ]
    }
  ]
}