{
  "type": "minecraft:chest",
  "pools": [
    {
      "rolls": 1,
      "entries": [
        {
          "type": "minecraft:item",
          "name": "minecraft:knowledge_book",
          "functions": [
            {
              "function": "set_nbt",
              "tag": "{display:{Name:\"{\\\"text\\\":\\\"Arrow\\\",\\\"color\\\":\\\"green\\\",\\\"bold\\\":false,\\\"italic\\\":false,\\\"underlined\\\":false,\\\"strikethrough\\\":false,\\\"obfuscated\\\":false}\",Lore:[\"{\\\"text\\\":\\\"Click to unlock this blueprint\\\",\\\"color\\\":\\\"white\\\",\\\"bold\\\":false,\\\"italic\\\":false,\\\"underlined\\\":false,\\\"strikethrough\\\":false,\\\"obfuscated\\\":false}\"]},CustomModelData:1,Recipes:[\"minecraft:arrow\"]}"
            }
          ]
        },
        {
          "type": "minecraft:item",
          "name": "minecraft:knowledge_book",
          "functions": [
            {
              "function": "set_nbt",
              "tag": "{display:{Name:\"{\\\"text\\\":\\\"Banner\\\",\\\"color\\\":\\\"green\\\",\\\"bold\\\":false,\\\"italic\\\":false,\\\"underlined\\\":false,\\\"strikethrough\\\":false,\\\"obfuscated\\\":false}\",Lore:[\"{\\\"text\\\":\\\"Click to unlock this blueprint\\\",\\\"color\\\":\\\"white\\\",\\\"bold\\\":false,\\\"italic\\\":false,\\\"underlined\\\":false,\\\"strikethrough\\\":false,\\\"obfuscated\\\":false}\"]},CustomModelData:1,Recipes:[\"minecraft:black_banner\",\"minecraft:blue_banner\",\"minecraft:brown_banner\",\"minecraft:cyan_banner\",\"minecraft:gray_banner\",\"minecraft:green_banner\",\"minecraft:light_blue_banner\",\"minecraft:light_gray_banner\",\"minecraft:lime_banner\",\"minecraft:magenta_banner\",\"minecraft:orange_banner\",\"minecraft:orange_banner\",\"minecraft:orange_bed\",\"minecraft:pink_banner\",\"minecraft:pink_bed\",\"minecraft:purple_banner\",\"minecraft:purple_bed\",\"minecraft:red_banner\",\"minecraft:red_bed\",\"minecraft:white_bed\",\"minecraft:yellow_banner\",\"minecraft:yellow_bed\"]}"
            }
          ]
        },
        {
          "type": "minecraft:item",
          "name": "minecraft:knowledge_book",
          "functions": [
            {
              "function": "set_nbt",
              "tag": "{display:{Name:\"{\\\"text\\\":\\\"Bed\\\",\\\"color\\\":\\\"green\\\",\\\"bold\\\":false,\\\"italic\\\":false,\\\"underlined\\\":false,\\\"strikethrough\\\":false,\\\"obfuscated\\\":false}\",Lore:[\"{\\\"text\\\":\\\"Click to unlock this blueprint\\\",\\\"color\\\":\\\"white\\\",\\\"bold\\\":false,\\\"italic\\\":false,\\\"underlined\\\":false,\\\"strikethrough\\\":false,\\\"obfuscated\\\":false}\"]},CustomModelData:1,Recipes:[\"minecraft:black_bed\",\"minecraft:blue_bed\",\"minecraft:brown_bed\",\"minecraft:cyan_bed\",\"minecraft:gray_bed\",\"minecraft:green_bed\",\"minecraft:light_blue_bed\",\"minecraft:light_gray_bed\",\"minecraft:lime_bed\",\"minecraft:magenta_bed\"]}"
            }
          ]
        },
        {
          "type": "minecraft:item",
          "name": "minecraft:knowledge_book",
          "functions": [
            {
              "function": "set_nbt",
              "tag": "{display:{Name:\"{\\\"text\\\":\\\"Beetroot soup\\\",\\\"color\\\":\\\"green\\\",\\\"bold\\\":false,\\\"italic\\\":false,\\\"underlined\\\":false,\\\"strikethrough\\\":false,\\\"obfuscated\\\":false}\",Lore:[\"{\\\"text\\\":\\\"Click to unlock this blueprint\\\",\\\"color\\\":\\\"white\\\",\\\"bold\\\":false,\\\"italic\\\":false,\\\"underlined\\\":false,\\\"strikethrough\\\":false,\\\"obfuscated\\\":false}\"]},CustomModelData:1,Recipes:[\"minecraft:beetroot_soup\"]}"
            }
          ]
        },
        {
          "type": "minecraft:item",
          "name": "minecraft:knowledge_book",
          "functions": [
            {
              "function": "set_nbt",
              "tag": "{display:{Name:\"{\\\"text\\\":\\\"Boat\\\",\\\"color\\\":\\\"green\\\",\\\"bold\\\":false,\\\"italic\\\":false,\\\"underlined\\\":false,\\\"strikethrough\\\":false,\\\"obfuscated\\\":false}\",Lore:[\"{\\\"text\\\":\\\"Click to unlock this blueprint\\\",\\\"color\\\":\\\"white\\\",\\\"bold\\\":false,\\\"italic\\\":false,\\\"underlined\\\":false,\\\"strikethrough\\\":false,\\\"obfuscated\\\":false}\"]},CustomModelData:1,Recipes:[\"minecraft:acacia_boat\",\"minecraft:birch_boat\",\"minecraft:dark_oak_boat\",\"minecraft:jungle_boat\",\"minecraft:oak_boat\",\"minecraft:spruce_boat\"]}"
            }
          ]
        },
        {
          "type": "minecraft:item",
          "name": "minecraft:knowledge_book",
          "functions": [
            {
              "function": "set_nbt",
              "tag": "{display:{Name:\"{\\\"text\\\":\\\"Bone block\\\",\\\"color\\\":\\\"green\\\",\\\"bold\\\":false,\\\"italic\\\":false,\\\"underlined\\\":false,\\\"strikethrough\\\":false,\\\"obfuscated\\\":false}\",Lore:[\"{\\\"text\\\":\\\"Click to unlock this blueprint\\\",\\\"color\\\":\\\"white\\\",\\\"bold\\\":false,\\\"italic\\\":false,\\\"underlined\\\":false,\\\"strikethrough\\\":false,\\\"obfuscated\\\":false}\"]},CustomModelData:1,Recipes:[\"minecraft:bone_block\"]}"
            }
          ]
        },
        {
          "type": "minecraft:item",
          "name": "minecraft:knowledge_book",
          "functions": [
            {
              "function": "set_nbt",
              "tag": "{display:{Name:\"{\\\"text\\\":\\\"Bone meal\\\",\\\"color\\\":\\\"green\\\",\\\"bold\\\":false,\\\"italic\\\":false,\\\"underlined\\\":false,\\\"strikethrough\\\":false,\\\"obfuscated\\\":false}\",Lore:[\"{\\\"text\\\":\\\"Click to unlock this blueprint\\\",\\\"color\\\":\\\"white\\\",\\\"bold\\\":false,\\\"italic\\\":false,\\\"underlined\\\":false,\\\"strikethrough\\\":false,\\\"obfuscated\\\":false}\"]},CustomModelData:1,Recipes:[\"minecraft:bone_meal\"]}"
            }
          ]
        },
        {
          "type": "minecraft:item",
          "name": "minecraft:knowledge_book",
          "functions": [
            {
              "function": "set_nbt",
              "tag": "{display:{Name:\"{\\\"text\\\":\\\"Bookshelf\\\",\\\"color\\\":\\\"green\\\",\\\"bold\\\":false,\\\"italic\\\":false,\\\"underlined\\\":false,\\\"strikethrough\\\":false,\\\"obfuscated\\\":false}\",Lore:[\"{\\\"text\\\":\\\"Click to unlock this blueprint\\\",\\\"color\\\":\\\"white\\\",\\\"bold\\\":false,\\\"italic\\\":false,\\\"underlined\\\":false,\\\"strikethrough\\\":false,\\\"obfuscated\\\":false}\"]},CustomModelData:1,Recipes:[\"minecraft:bookshelf\"]}"
            }
          ]
        },
        {
          "type": "minecraft:item",
          "name": "minecraft:knowledge_book",
          "functions": [
            {
              "function": "set_nbt",
              "tag": "{display:{Name:\"{\\\"text\\\":\\\"Bow\\\",\\\"color\\\":\\\"green\\\",\\\"bold\\\":false,\\\"italic\\\":false,\\\"underlined\\\":false,\\\"strikethrough\\\":false,\\\"obfuscated\\\":false}\",Lore:[\"{\\\"text\\\":\\\"Click to unlock this blueprint\\\",\\\"color\\\":\\\"white\\\",\\\"bold\\\":false,\\\"italic\\\":false,\\\"underlined\\\":false,\\\"strikethrough\\\":false,\\\"obfuscated\\\":false}\"]},CustomModelData:1,Recipes:[\"minecraft:bow\"]}"
            }
          ]
        },
        {
          "type": "minecraft:item",
          "name": "minecraft:knowledge_book",
          "functions": [
            {
              "function": "set_nbt",
              "tag": "{display:{Name:\"{\\\"text\\\":\\\"Bread\\\",\\\"color\\\":\\\"green\\\",\\\"bold\\\":false,\\\"italic\\\":false,\\\"underlined\\\":false,\\\"strikethrough\\\":false,\\\"obfuscated\\\":false}\",Lore:[\"{\\\"text\\\":\\\"Click to unlock this blueprint\\\",\\\"color\\\":\\\"white\\\",\\\"bold\\\":false,\\\"italic\\\":false,\\\"underlined\\\":false,\\\"strikethrough\\\":false,\\\"obfuscated\\\":false}\"]},CustomModelData:1,Recipes:[\"minecraft:bread\"]}"
            }
          ]
        },
        {
          "type": "minecraft:item",
          "name": "minecraft:knowledge_book",
          "functions": [
            {
              "function": "set_nbt",
              "tag": "{display:{Name:\"{\\\"text\\\":\\\"Bricks\\\",\\\"color\\\":\\\"green\\\",\\\"bold\\\":false,\\\"italic\\\":false,\\\"underlined\\\":false,\\\"strikethrough\\\":false,\\\"obfuscated\\\":false}\",Lore:[\"{\\\"text\\\":\\\"Click to unlock this blueprint\\\",\\\"color\\\":\\\"white\\\",\\\"bold\\\":false,\\\"italic\\\":false,\\\"underlined\\\":false,\\\"strikethrough\\\":false,\\\"obfuscated\\\":false}\"]},CustomModelData:1,Recipes:[\"minecraft:bricks\"]}"
            }
          ]
        },
        {
          "type": "minecraft:item",
          "name": "minecraft:knowledge_book",
          "functions": [
            {
              "function": "set_nbt",
              "tag": "{display:{Name:\"{\\\"text\\\":\\\"Button\\\",\\\"color\\\":\\\"green\\\",\\\"bold\\\":false,\\\"italic\\\":false,\\\"underlined\\\":false,\\\"strikethrough\\\":false,\\\"obfuscated\\\":false}\",Lore:[\"{\\\"text\\\":\\\"Click to unlock this blueprint\\\",\\\"color\\\":\\\"white\\\",\\\"bold\\\":false,\\\"italic\\\":false,\\\"underlined\\\":false,\\\"strikethrough\\\":false,\\\"obfuscated\\\":false}\"]},CustomModelData:1,Recipes:[\"minecraft:acacia_button\",\"minecraft:birch_button\",\"minecraft:dark_oak_button\",\"minecraft:jungle_button\",\"minecraft:oak_button\",\"minecraft:spruce_button\",\"minecraft:stone_button\"]}"
            }
          ]
        },
        {
          "type": "minecraft:item",
          "name": "minecraft:knowledge_book",
          "functions": [
            {
              "function": "set_nbt",
              "tag": "{display:{Name:\"{\\\"text\\\":\\\"Cake\\\",\\\"color\\\":\\\"green\\\",\\\"bold\\\":false,\\\"italic\\\":false,\\\"underlined\\\":false,\\\"strikethrough\\\":false,\\\"obfuscated\\\":false}\",Lore:[\"{\\\"text\\\":\\\"Click to unlock this blueprint\\\",\\\"color\\\":\\\"white\\\",\\\"bold\\\":false,\\\"italic\\\":false,\\\"underlined\\\":false,\\\"strikethrough\\\":false,\\\"obfuscated\\\":false}\"]},CustomModelData:1,Recipes:[\"minecraft:cake\"]}"
            }
          ]
        },
        {
          "type": "minecraft:item",
          "name": "minecraft:knowledge_book",
          "functions": [
            {
              "function": "set_nbt",
              "tag": "{display:{Name:\"{\\\"text\\\":\\\"Campfire\\\",\\\"color\\\":\\\"green\\\",\\\"bold\\\":false,\\\"italic\\\":false,\\\"underlined\\\":false,\\\"strikethrough\\\":false,\\\"obfuscated\\\":false}\",Lore:[\"{\\\"text\\\":\\\"Click to unlock this blueprint\\\",\\\"color\\\":\\\"white\\\",\\\"bold\\\":false,\\\"italic\\\":false,\\\"underlined\\\":false,\\\"strikethrough\\\":false,\\\"obfuscated\\\":false}\"]},CustomModelData:1,Recipes:[\"minecraft:campfire\"]}"
            }
          ]
        },
        {
          "type": "minecraft:item",
          "name": "minecraft:knowledge_book",
          "functions": [
            {
              "function": "set_nbt",
              "tag": "{display:{Name:\"{\\\"text\\\":\\\"Carpet\\\",\\\"color\\\":\\\"green\\\",\\\"bold\\\":false,\\\"italic\\\":false,\\\"underlined\\\":false,\\\"strikethrough\\\":false,\\\"obfuscated\\\":false}\",Lore:[\"{\\\"text\\\":\\\"Click to unlock this blueprint\\\",\\\"color\\\":\\\"white\\\",\\\"bold\\\":false,\\\"italic\\\":false,\\\"underlined\\\":false,\\\"strikethrough\\\":false,\\\"obfuscated\\\":false}\"]},CustomModelData:1,Recipes:[\"minecraft:black_carpet\",\"minecraft:blue_carpet\",\"minecraft:brown_carpet\",\"minecraft:cyan_carpet\",\"minecraft:gray_carpet\",\"minecraft:green_carpet\",\"minecraft:light_blue_carpet\",\"minecraft:light_gray_carpet\",\"minecraft:lime_carpet\",\"minecraft:magenta_carpet\",\"minecraft:orange_carpet\",\"minecraft:pink_carpet\",\"minecraft:purple_carpet\",\"minecraft:red_carpet\",\"minecraft:white_carpet\",\"minecraft:yellow_carpet\"]}"
            }
          ]
        },
        {
          "type": "minecraft:item",
          "name": "minecraft:knowledge_book",
          "functions": [
            {
              "function": "set_nbt",
              "tag": "{display:{Name:\"{\\\"text\\\":\\\"Carrot on a stick\\\",\\\"color\\\":\\\"green\\\",\\\"bold\\\":false,\\\"italic\\\":false,\\\"underlined\\\":false,\\\"strikethrough\\\":false,\\\"obfuscated\\\":false}\",Lore:[\"{\\\"text\\\":\\\"Click to unlock this blueprint\\\",\\\"color\\\":\\\"white\\\",\\\"bold\\\":false,\\\"italic\\\":false,\\\"underlined\\\":false,\\\"strikethrough\\\":false,\\\"obfuscated\\\":false}\"]},CustomModelData:1,Recipes:[\"minecraft:carrot_on_a_stick\"]}"
            }
          ]
        },
        {
          "type": "minecraft:item",
          "name": "minecraft:knowledge_book",
          "functions": [
            {
              "function": "set_nbt",
              "tag": "{display:{Name:\"{\\\"text\\\":\\\"Cartography table\\\",\\\"color\\\":\\\"green\\\",\\\"bold\\\":false,\\\"italic\\\":false,\\\"underlined\\\":false,\\\"strikethrough\\\":false,\\\"obfuscated\\\":false}\",Lore:[\"{\\\"text\\\":\\\"Click to unlock this blueprint\\\",\\\"color\\\":\\\"white\\\",\\\"bold\\\":false,\\\"italic\\\":false,\\\"underlined\\\":false,\\\"strikethrough\\\":false,\\\"obfuscated\\\":false}\"]},CustomModelData:1,Recipes:[\"minecraft:cartography_table\"]}"
            }
          ]
        },
        {
          "type": "minecraft:item",
          "name": "minecraft:knowledge_book",
          "functions": [
            {
              "function": "set_nbt",
              "tag": "{display:{Name:\"{\\\"text\\\":\\\"Carved pumpkin\\\",\\\"color\\\":\\\"green\\\",\\\"bold\\\":false,\\\"italic\\\":false,\\\"underlined\\\":false,\\\"strikethrough\\\":false,\\\"obfuscated\\\":false}\",Lore:[\"{\\\"text\\\":\\\"Click to unlock this blueprint\\\",\\\"color\\\":\\\"white\\\",\\\"bold\\\":false,\\\"italic\\\":false,\\\"underlined\\\":false,\\\"strikethrough\\\":false,\\\"obfuscated\\\":false}\"]},CustomModelData:1,Recipes:[\"minecraft:carved_pumpkin\",\"minecraft:jack_o_lantern\"]}"
            }
          ]
        },
        {
          "type": "minecraft:item",
          "name": "minecraft:knowledge_book",
          "functions": [
            {
              "function": "set_nbt",
              "tag": "{display:{Name:\"{\\\"text\\\":\\\"Cauldron\\\",\\\"color\\\":\\\"green\\\",\\\"bold\\\":false,\\\"italic\\\":false,\\\"underlined\\\":false,\\\"strikethrough\\\":false,\\\"obfuscated\\\":false}\",Lore:[\"{\\\"text\\\":\\\"Click to unlock this blueprint\\\",\\\"color\\\":\\\"white\\\",\\\"bold\\\":false,\\\"italic\\\":false,\\\"underlined\\\":false,\\\"strikethrough\\\":false,\\\"obfuscated\\\":false}\"]},CustomModelData:1,Recipes:[\"minecraft:cauldron\"]}"
            }
          ]
        },
        {
          "type": "minecraft:item",
          "name": "minecraft:knowledge_book",
          "functions": [
            {
              "function": "set_nbt",
              "tag": "{display:{Name:\"{\\\"text\\\":\\\"Chest\\\",\\\"color\\\":\\\"green\\\",\\\"bold\\\":false,\\\"italic\\\":false,\\\"underlined\\\":false,\\\"strikethrough\\\":false,\\\"obfuscated\\\":false}\",Lore:[\"{\\\"text\\\":\\\"Click to unlock this blueprint\\\",\\\"color\\\":\\\"white\\\",\\\"bold\\\":false,\\\"italic\\\":false,\\\"underlined\\\":false,\\\"strikethrough\\\":false,\\\"obfuscated\\\":false}\"]},CustomModelData:1,Recipes:[\"minecraft:chest\"]}"
            }
          ]
        },
        {
          "type": "minecraft:item",
          "name": "minecraft:knowledge_book",
          "functions": [
            {
              "function": "set_nbt",
              "tag": "{display:{Name:\"{\\\"text\\\":\\\"Concrete powder\\\",\\\"color\\\":\\\"green\\\",\\\"bold\\\":false,\\\"italic\\\":false,\\\"underlined\\\":false,\\\"strikethrough\\\":false,\\\"obfuscated\\\":false}\",Lore:[\"{\\\"text\\\":\\\"Click to unlock this blueprint\\\",\\\"color\\\":\\\"white\\\",\\\"bold\\\":false,\\\"italic\\\":false,\\\"underlined\\\":false,\\\"strikethrough\\\":false,\\\"obfuscated\\\":false}\"]},CustomModelData:1,Recipes:[\"minecraft:black_concrete_powder\",\"minecraft:blue_concrete_powder\",\"minecraft:brown_concrete_powder\",\"minecraft:cyan_concrete_powder\",\"minecraft:gray_concrete_powder\",\"minecraft:green_concrete_powder\",\"minecraft:light_blue_concrete_powder\",\"minecraft:light_gray_concrete_powder\",\"minecraft:lime_concrete_powder\",\"minecraft:magenta_concrete_powder\",\"minecraft:orange_concrete_powder\",\"minecraft:pink_concrete_powder\",\"minecraft:purple_concrete_powder\",\"minecraft:red_concrete_powder\",\"minecraft:white_concrete_powder\",\"minecraft:yellow_concrete_powder\"]}"
            }
          ]
        },
        {
          "type": "minecraft:item",
          "name": "minecraft:knowledge_book",
          "functions": [
            {
              "function": "set_nbt",
              "tag": "{display:{Name:\"{\\\"text\\\":\\\"Cookie\\\",\\\"color\\\":\\\"green\\\",\\\"bold\\\":false,\\\"italic\\\":false,\\\"underlined\\\":false,\\\"strikethrough\\\":false,\\\"obfuscated\\\":false}\",Lore:[\"{\\\"text\\\":\\\"Click to unlock this blueprint\\\",\\\"color\\\":\\\"white\\\",\\\"bold\\\":false,\\\"italic\\\":false,\\\"underlined\\\":false,\\\"strikethrough\\\":false,\\\"obfuscated\\\":false}\"]},CustomModelData:1,Recipes:[\"minecraft:cookie\"]}"
            }
          ]
        },
        {
          "type": "minecraft:item",
          "name": "minecraft:knowledge_book",
          "functions": [
            {
              "function": "set_nbt",
              "tag": "{display:{Name:\"{\\\"text\\\":\\\"Door\\\",\\\"color\\\":\\\"green\\\",\\\"bold\\\":false,\\\"italic\\\":false,\\\"underlined\\\":false,\\\"strikethrough\\\":false,\\\"obfuscated\\\":false}\",Lore:[\"{\\\"text\\\":\\\"Click to unlock this blueprint\\\",\\\"color\\\":\\\"white\\\",\\\"bold\\\":false,\\\"italic\\\":false,\\\"underlined\\\":false,\\\"strikethrough\\\":false,\\\"obfuscated\\\":false}\"]},CustomModelData:1,Recipes:[\"minecraft:acacia_door\",\"minecraft:birch_door\",\"minecraft:dark_oak_door\",\"minecraft:jungle_door\",\"minecraft:oak_door\",\"minecraft:spruce_door\"]}"
            }
          ]
        },
        {
          "type": "minecraft:item",
          "name": "minecraft:knowledge_book",
          "functions": [
            {
              "function": "set_nbt",
              "tag": "{display:{Name:\"{\\\"text\\\":\\\"Dye\\\",\\\"color\\\":\\\"green\\\",\\\"bold\\\":false,\\\"italic\\\":false,\\\"underlined\\\":false,\\\"strikethrough\\\":false,\\\"obfuscated\\\":false}\",Lore:[\"{\\\"text\\\":\\\"Click to unlock this blueprint\\\",\\\"color\\\":\\\"white\\\",\\\"bold\\\":false,\\\"italic\\\":false,\\\"underlined\\\":false,\\\"strikethrough\\\":false,\\\"obfuscated\\\":false}\"]},CustomModelData:1,Recipes:[\"minecraft:black_dye\",\"minecraft:blue_dye\",\"minecraft:bone_meal\",\"minecraft:brown_dye\",\"minecraft:cyan_dye\",\"minecraft:gray_dye\",\"minecraft:green_dye\",\"minecraft:light_blue_dye\",\"minecraft:light_gray_dye\",\"minecraft:lime_dye\",\"minecraft:magenta_dye\",\"minecraft:orange_dye\",\"minecraft:pink_dye\",\"minecraft:purple_dye\",\"minecraft:red_dye\",\"minecraft:white_dye\",\"minecraft:yellow_dye\"]}"
            }
          ]
        },
        {
          "type": "minecraft:item",
          "name": "minecraft:knowledge_book",
          "functions": [
            {
              "function": "set_nbt",
              "tag": "{display:{Name:\"{\\\"text\\\":\\\"End rod\\\",\\\"color\\\":\\\"green\\\",\\\"bold\\\":false,\\\"italic\\\":false,\\\"underlined\\\":false,\\\"strikethrough\\\":false,\\\"obfuscated\\\":false}\",Lore:[\"{\\\"text\\\":\\\"Click to unlock this blueprint\\\",\\\"color\\\":\\\"white\\\",\\\"bold\\\":false,\\\"italic\\\":false,\\\"underlined\\\":false,\\\"strikethrough\\\":false,\\\"obfuscated\\\":false}\"]},CustomModelData:1,Recipes:[\"minecraft:end_rod\"]}"
            }
          ]
        },
        {
          "type": "minecraft:item",
          "name": "minecraft:knowledge_book",
          "functions": [
            {
              "function": "set_nbt",
              "tag": "{display:{Name:\"{\\\"text\\\":\\\"Fence\\\",\\\"color\\\":\\\"green\\\",\\\"bold\\\":false,\\\"italic\\\":false,\\\"underlined\\\":false,\\\"strikethrough\\\":false,\\\"obfuscated\\\":false}\",Lore:[\"{\\\"text\\\":\\\"Click to unlock this blueprint\\\",\\\"color\\\":\\\"white\\\",\\\"bold\\\":false,\\\"italic\\\":false,\\\"underlined\\\":false,\\\"strikethrough\\\":false,\\\"obfuscated\\\":false}\"]},CustomModelData:1,Recipes:[\"minecraft:acacia_fence\",\"minecraft:birch_fence\",\"minecraft:dark_oak_fence\",\"minecraft:jungle_fence\",\"minecraft:nether_brick_fence\",\"minecraft:oak_fence\",\"minecraft:spruce_fence\"]}"
            }
          ]
        },
        {
          "type": "minecraft:item",
          "name": "minecraft:knowledge_book",
          "functions": [
            {
              "function": "set_nbt",
              "tag": "{display:{Name:\"{\\\"text\\\":\\\"Fence gate\\\",\\\"color\\\":\\\"green\\\",\\\"bold\\\":false,\\\"italic\\\":false,\\\"underlined\\\":false,\\\"strikethrough\\\":false,\\\"obfuscated\\\":false}\",Lore:[\"{\\\"text\\\":\\\"Click to unlock this blueprint\\\",\\\"color\\\":\\\"white\\\",\\\"bold\\\":false,\\\"italic\\\":false,\\\"underlined\\\":false,\\\"strikethrough\\\":false,\\\"obfuscated\\\":false}\"]},CustomModelData:1,Recipes:[\"minecraft:acacia_fence_gate\",\"minecraft:birch_fence_gate\",\"minecraft:dark_oak_fence_gate\",\"minecraft:jungle_fence_gate\",\"minecraft:oak_fence_gate\",\"minecraft:spruce_fence_gate\"]}"
            }
          ]
        },
        {
          "type": "minecraft:item",
          "name": "minecraft:knowledge_book",
          "functions": [
            {
              "function": "set_nbt",
              "tag": "{display:{Name:\"{\\\"text\\\":\\\"Firework\\\",\\\"color\\\":\\\"green\\\",\\\"bold\\\":false,\\\"italic\\\":false,\\\"underlined\\\":false,\\\"strikethrough\\\":false,\\\"obfuscated\\\":false}\",Lore:[\"{\\\"text\\\":\\\"Click to unlock this blueprint\\\",\\\"color\\\":\\\"white\\\",\\\"bold\\\":false,\\\"italic\\\":false,\\\"underlined\\\":false,\\\"strikethrough\\\":false,\\\"obfuscated\\\":false}\"]},CustomModelData:1,Recipes:[\"minecraft:firework_rocket\",\"minecraft:firework_star\"]}"
            }
          ]
        },
        {
          "type": "minecraft:item",
          "name": "minecraft:knowledge_book",
          "functions": [
            {
              "function": "set_nbt",
              "tag": "{display:{Name:\"{\\\"text\\\":\\\"Fishing rod\\\",\\\"color\\\":\\\"green\\\",\\\"bold\\\":false,\\\"italic\\\":false,\\\"underlined\\\":false,\\\"strikethrough\\\":false,\\\"obfuscated\\\":false}\",Lore:[\"{\\\"text\\\":\\\"Click to unlock this blueprint\\\",\\\"color\\\":\\\"white\\\",\\\"bold\\\":false,\\\"italic\\\":false,\\\"underlined\\\":false,\\\"strikethrough\\\":false,\\\"obfuscated\\\":false}\"]},CustomModelData:1,Recipes:[\"minecraft:fishing_rod\"]}"
            }
          ]
        },
        {
          "type": "minecraft:item",
          "name": "minecraft:knowledge_book",
          "functions": [
            {
              "function": "set_nbt",
              "tag": "{display:{Name:\"{\\\"text\\\":\\\"Fletching table\\\",\\\"color\\\":\\\"green\\\",\\\"bold\\\":false,\\\"italic\\\":false,\\\"underlined\\\":false,\\\"strikethrough\\\":false,\\\"obfuscated\\\":false}\",Lore:[\"{\\\"text\\\":\\\"Click to unlock this blueprint\\\",\\\"color\\\":\\\"white\\\",\\\"bold\\\":false,\\\"italic\\\":false,\\\"underlined\\\":false,\\\"strikethrough\\\":false,\\\"obfuscated\\\":false}\"]},CustomModelData:1,Recipes:[\"minecraft:fletching_table\"]}"
            }
          ]
        },
        {
          "type": "minecraft:item",
          "name": "minecraft:knowledge_book",
          "functions": [
            {
              "function": "set_nbt",
              "tag": "{display:{Name:\"{\\\"text\\\":\\\"Flint and steel\\\",\\\"color\\\":\\\"green\\\",\\\"bold\\\":false,\\\"italic\\\":false,\\\"underlined\\\":false,\\\"strikethrough\\\":false,\\\"obfuscated\\\":false}\",Lore:[\"{\\\"text\\\":\\\"Click to unlock this blueprint\\\",\\\"color\\\":\\\"white\\\",\\\"bold\\\":false,\\\"italic\\\":false,\\\"underlined\\\":false,\\\"strikethrough\\\":false,\\\"obfuscated\\\":false}\"]},CustomModelData:1,Recipes:[\"minecraft:flint_and_steel\"]}"
            }
          ]
        },
        {
          "type": "minecraft:item",
          "name": "minecraft:knowledge_book",
          "functions": [
            {
              "function": "set_nbt",
              "tag": "{display:{Name:\"{\\\"text\\\":\\\"Flower pot\\\",\\\"color\\\":\\\"green\\\",\\\"bold\\\":false,\\\"italic\\\":false,\\\"underlined\\\":false,\\\"strikethrough\\\":false,\\\"obfuscated\\\":false}\",Lore:[\"{\\\"text\\\":\\\"Click to unlock this blueprint\\\",\\\"color\\\":\\\"white\\\",\\\"bold\\\":false,\\\"italic\\\":false,\\\"underlined\\\":false,\\\"strikethrough\\\":false,\\\"obfuscated\\\":false}\"]},CustomModelData:1,Recipes:[\"minecraft:flower_pot\"]}"
            }
          ]
        },
        {
          "type": "minecraft:item",
          "name": "minecraft:knowledge_book",
          "functions": [
            {
              "function": "set_nbt",
              "tag": "{display:{Name:\"{\\\"text\\\":\\\"Furnace\\\",\\\"color\\\":\\\"green\\\",\\\"bold\\\":false,\\\"italic\\\":false,\\\"underlined\\\":false,\\\"strikethrough\\\":false,\\\"obfuscated\\\":false}\",Lore:[\"{\\\"text\\\":\\\"Click to unlock this blueprint\\\",\\\"color\\\":\\\"white\\\",\\\"bold\\\":false,\\\"italic\\\":false,\\\"underlined\\\":false,\\\"strikethrough\\\":false,\\\"obfuscated\\\":false}\"]},CustomModelData:1,Recipes:[\"minecraft:furnace\"]}"
            }
          ]
        },
        {
          "type": "minecraft:item",
          "name": "minecraft:knowledge_book",
          "functions": [
            {
              "function": "set_nbt",
              "tag": "{display:{Name:\"{\\\"text\\\":\\\"Glass bottle\\\",\\\"color\\\":\\\"green\\\",\\\"bold\\\":false,\\\"italic\\\":false,\\\"underlined\\\":false,\\\"strikethrough\\\":false,\\\"obfuscated\\\":false}\",Lore:[\"{\\\"text\\\":\\\"Click to unlock this blueprint\\\",\\\"color\\\":\\\"white\\\",\\\"bold\\\":false,\\\"italic\\\":false,\\\"underlined\\\":false,\\\"strikethrough\\\":false,\\\"obfuscated\\\":false}\"]},CustomModelData:1,Recipes:[\"minecraft:glass_bottle\"]}"
            }
          ]
        },
        {
          "type": "minecraft:item",
          "name": "minecraft:knowledge_book",
          "functions": [
            {
              "function": "set_nbt",
              "tag": "{display:{Name:\"{\\\"text\\\":\\\"Glowstone\\\",\\\"color\\\":\\\"green\\\",\\\"bold\\\":false,\\\"italic\\\":false,\\\"underlined\\\":false,\\\"strikethrough\\\":false,\\\"obfuscated\\\":false}\",Lore:[\"{\\\"text\\\":\\\"Click to unlock this blueprint\\\",\\\"color\\\":\\\"white\\\",\\\"bold\\\":false,\\\"italic\\\":false,\\\"underlined\\\":false,\\\"strikethrough\\\":false,\\\"obfuscated\\\":false}\"]},CustomModelData:1,Recipes:[\"minecraft:glowstone\"]}"
            }
          ]
        },
        {
          "type": "minecraft:item",
          "name": "minecraft:knowledge_book",
          "functions": [
            {
              "function": "set_nbt",
              "tag": "{display:{Name:\"{\\\"text\\\":\\\"Golden axe\\\",\\\"color\\\":\\\"green\\\",\\\"bold\\\":false,\\\"italic\\\":false,\\\"underlined\\\":false,\\\"strikethrough\\\":false,\\\"obfuscated\\\":false}\",Lore:[\"{\\\"text\\\":\\\"Click to unlock this blueprint\\\",\\\"color\\\":\\\"white\\\",\\\"bold\\\":false,\\\"italic\\\":false,\\\"underlined\\\":false,\\\"strikethrough\\\":false,\\\"obfuscated\\\":false}\"]},CustomModelData:1,Recipes:[\"minecraft:golden_axe\"]}"
            }
          ]
        },
        {
          "type": "minecraft:item",
          "name": "minecraft:knowledge_book",
          "functions": [
            {
              "function": "set_nbt",
              "tag": "{display:{Name:\"{\\\"text\\\":\\\"Golden boots\\\",\\\"color\\\":\\\"green\\\",\\\"bold\\\":false,\\\"italic\\\":false,\\\"underlined\\\":false,\\\"strikethrough\\\":false,\\\"obfuscated\\\":false}\",Lore:[\"{\\\"text\\\":\\\"Click to unlock this blueprint\\\",\\\"color\\\":\\\"white\\\",\\\"bold\\\":false,\\\"italic\\\":false,\\\"underlined\\\":false,\\\"strikethrough\\\":false,\\\"obfuscated\\\":false}\"]},CustomModelData:1,Recipes:[\"minecraft:golden_boots\"]}"
            }
          ]
        },
        {
          "type": "minecraft:item",
          "name": "minecraft:knowledge_book",
          "functions": [
            {
              "function": "set_nbt",
              "tag": "{display:{Name:\"{\\\"text\\\":\\\"Golden chestplate\\\",\\\"color\\\":\\\"green\\\",\\\"bold\\\":false,\\\"italic\\\":false,\\\"underlined\\\":false,\\\"strikethrough\\\":false,\\\"obfuscated\\\":false}\",Lore:[\"{\\\"text\\\":\\\"Click to unlock this blueprint\\\",\\\"color\\\":\\\"white\\\",\\\"bold\\\":false,\\\"italic\\\":false,\\\"underlined\\\":false,\\\"strikethrough\\\":false,\\\"obfuscated\\\":false}\"]},CustomModelData:1,Recipes:[\"minecraft:golden_chestplate\"]}"
            }
          ]
        },
        {
          "type": "minecraft:item",
          "name": "minecraft:knowledge_book",
          "functions": [
            {
              "function": "set_nbt",
              "tag": "{display:{Name:\"{\\\"text\\\":\\\"Golden helmet\\\",\\\"color\\\":\\\"green\\\",\\\"bold\\\":false,\\\"italic\\\":false,\\\"underlined\\\":false,\\\"strikethrough\\\":false,\\\"obfuscated\\\":false}\",Lore:[\"{\\\"text\\\":\\\"Click to unlock this blueprint\\\",\\\"color\\\":\\\"white\\\",\\\"bold\\\":false,\\\"italic\\\":false,\\\"underlined\\\":false,\\\"strikethrough\\\":false,\\\"obfuscated\\\":false}\"]},CustomModelData:1,Recipes:[\"minecraft:golden_helmet\"]}"
            }
          ]
        },
        {
          "type": "minecraft:item",
          "name": "minecraft:knowledge_book",
          "functions": [
            {
              "function": "set_nbt",
              "tag": "{display:{Name:\"{\\\"text\\\":\\\"Golden hoe\\\",\\\"color\\\":\\\"green\\\",\\\"bold\\\":false,\\\"italic\\\":false,\\\"underlined\\\":false,\\\"strikethrough\\\":false,\\\"obfuscated\\\":false}\",Lore:[\"{\\\"text\\\":\\\"Click to unlock this blueprint\\\",\\\"color\\\":\\\"white\\\",\\\"bold\\\":false,\\\"italic\\\":false,\\\"underlined\\\":false,\\\"strikethrough\\\":false,\\\"obfuscated\\\":false}\"]},CustomModelData:1,Recipes:[\"minecraft:golden_hoe\"]}"
            }
          ]
        },
        {
          "type": "minecraft:item",
          "name": "minecraft:knowledge_book",
          "functions": [
            {
              "function": "set_nbt",
              "tag": "{display:{Name:\"{\\\"text\\\":\\\"Golden leggings\\\",\\\"color\\\":\\\"green\\\",\\\"bold\\\":false,\\\"italic\\\":false,\\\"underlined\\\":false,\\\"strikethrough\\\":false,\\\"obfuscated\\\":false}\",Lore:[\"{\\\"text\\\":\\\"Click to unlock this blueprint\\\",\\\"color\\\":\\\"white\\\",\\\"bold\\\":false,\\\"italic\\\":false,\\\"underlined\\\":false,\\\"strikethrough\\\":false,\\\"obfuscated\\\":false}\"]},CustomModelData:1,Recipes:[\"minecraft:golden_leggings\"]}"
            }
          ]
        },
        {
          "type": "minecraft:item",
          "name": "minecraft:knowledge_book",
          "functions": [
            {
              "function": "set_nbt",
              "tag": "{display:{Name:\"{\\\"text\\\":\\\"Golden pickaxe\\\",\\\"color\\\":\\\"green\\\",\\\"bold\\\":false,\\\"italic\\\":false,\\\"underlined\\\":false,\\\"strikethrough\\\":false,\\\"obfuscated\\\":false}\",Lore:[\"{\\\"text\\\":\\\"Click to unlock this blueprint\\\",\\\"color\\\":\\\"white\\\",\\\"bold\\\":false,\\\"italic\\\":false,\\\"underlined\\\":false,\\\"strikethrough\\\":false,\\\"obfuscated\\\":false}\"]},CustomModelData:1,Recipes:[\"minecraft:golden_pickaxe\"]}"
            }
          ]
        },
        {
          "type": "minecraft:item",
          "name": "minecraft:knowledge_book",
          "functions": [
            {
              "function": "set_nbt",
              "tag": "{display:{Name:\"{\\\"text\\\":\\\"Golden shovel\\\",\\\"color\\\":\\\"green\\\",\\\"bold\\\":false,\\\"italic\\\":false,\\\"underlined\\\":false,\\\"strikethrough\\\":false,\\\"obfuscated\\\":false}\",Lore:[\"{\\\"text\\\":\\\"Click to unlock this blueprint\\\",\\\"color\\\":\\\"white\\\",\\\"bold\\\":false,\\\"italic\\\":false,\\\"underlined\\\":false,\\\"strikethrough\\\":false,\\\"obfuscated\\\":false}\"]},CustomModelData:1,Recipes:[\"minecraft:golden_shovel\"]}"
            }
          ]
        },
        {
          "type": "minecraft:item",
          "name": "minecraft:knowledge_book",
          "functions": [
            {
              "function": "set_nbt",
              "tag": "{display:{Name:\"{\\\"text\\\":\\\"Golden sword\\\",\\\"color\\\":\\\"green\\\",\\\"bold\\\":false,\\\"italic\\\":false,\\\"underlined\\\":false,\\\"strikethrough\\\":false,\\\"obfuscated\\\":false}\",Lore:[\"{\\\"text\\\":\\\"Click to unlock this blueprint\\\",\\\"color\\\":\\\"white\\\",\\\"bold\\\":false,\\\"italic\\\":false,\\\"underlined\\\":false,\\\"strikethrough\\\":false,\\\"obfuscated\\\":false}\"]},CustomModelData:1,Recipes:[\"minecraft:golden_sword\"]}"
            }
          ]
        },
        {
          "type": "minecraft:item",
          "name": "minecraft:knowledge_book",
          "functions": [
            {
              "function": "set_nbt",
              "tag": "{display:{Name:\"{\\\"text\\\":\\\"Hay block\\\",\\\"color\\\":\\\"green\\\",\\\"bold\\\":false,\\\"italic\\\":false,\\\"underlined\\\":false,\\\"strikethrough\\\":false,\\\"obfuscated\\\":false}\",Lore:[\"{\\\"text\\\":\\\"Click to unlock this blueprint\\\",\\\"color\\\":\\\"white\\\",\\\"bold\\\":false,\\\"italic\\\":false,\\\"underlined\\\":false,\\\"strikethrough\\\":false,\\\"obfuscated\\\":false}\"]},CustomModelData:1,Recipes:[\"minecraft:hay_block\"]}"
            }
          ]
        },
        {
          "type": "minecraft:item",
          "name": "minecraft:knowledge_book",
          "functions": [
            {
              "function": "set_nbt",
              "tag": "{display:{Name:\"{\\\"text\\\":\\\"Ladder\\\",\\\"color\\\":\\\"green\\\",\\\"bold\\\":false,\\\"italic\\\":false,\\\"underlined\\\":false,\\\"strikethrough\\\":false,\\\"obfuscated\\\":false}\",Lore:[\"{\\\"text\\\":\\\"Click to unlock this blueprint\\\",\\\"color\\\":\\\"white\\\",\\\"bold\\\":false,\\\"italic\\\":false,\\\"underlined\\\":false,\\\"strikethrough\\\":false,\\\"obfuscated\\\":false}\"]},CustomModelData:1,Recipes:[\"minecraft:ladder\"]}"
            }
          ]
        },
        {
          "type": "minecraft:item",
          "name": "minecraft:knowledge_book",
          "functions": [
            {
              "function": "set_nbt",
              "tag": "{display:{Name:\"{\\\"text\\\":\\\"Lantern\\\",\\\"color\\\":\\\"green\\\",\\\"bold\\\":false,\\\"italic\\\":false,\\\"underlined\\\":false,\\\"strikethrough\\\":false,\\\"obfuscated\\\":false}\",Lore:[\"{\\\"text\\\":\\\"Click to unlock this blueprint\\\",\\\"color\\\":\\\"white\\\",\\\"bold\\\":false,\\\"italic\\\":false,\\\"underlined\\\":false,\\\"strikethrough\\\":false,\\\"obfuscated\\\":false}\"]},CustomModelData:1,Recipes:[\"minecraft:lantern\"]}"
            }
          ]
        },
        {
          "type": "minecraft:item",
          "name": "minecraft:knowledge_book",
          "functions": [
            {
              "function": "set_nbt",
              "tag": "{display:{Name:\"{\\\"text\\\":\\\"Lectern\\\",\\\"color\\\":\\\"green\\\",\\\"bold\\\":false,\\\"italic\\\":false,\\\"underlined\\\":false,\\\"strikethrough\\\":false,\\\"obfuscated\\\":false}\",Lore:[\"{\\\"text\\\":\\\"Click to unlock this blueprint\\\",\\\"color\\\":\\\"white\\\",\\\"bold\\\":false,\\\"italic\\\":false,\\\"underlined\\\":false,\\\"strikethrough\\\":false,\\\"obfuscated\\\":false}\"]},CustomModelData:1,Recipes:[\"minecraft:lectern\"]}"
            }
          ]
        },
        {
          "type": "minecraft:item",
          "name": "minecraft:knowledge_book",
          "functions": [
            {
              "function": "set_nbt",
              "tag": "{display:{Name:\"{\\\"text\\\":\\\"Lever\\\",\\\"color\\\":\\\"green\\\",\\\"bold\\\":false,\\\"italic\\\":false,\\\"underlined\\\":false,\\\"strikethrough\\\":false,\\\"obfuscated\\\":false}\",Lore:[\"{\\\"text\\\":\\\"Click to unlock this blueprint\\\",\\\"color\\\":\\\"white\\\",\\\"bold\\\":false,\\\"italic\\\":false,\\\"underlined\\\":false,\\\"strikethrough\\\":false,\\\"obfuscated\\\":false}\"]},CustomModelData:1,Recipes:[\"minecraft:lever\"]}"
            }
          ]
        },
        {
          "type": "minecraft:item",
          "name": "minecraft:knowledge_book",
          "functions": [
            {
              "function": "set_nbt",
              "tag": "{display:{Name:\"{\\\"text\\\":\\\"Magma block\\\",\\\"color\\\":\\\"green\\\",\\\"bold\\\":false,\\\"italic\\\":false,\\\"underlined\\\":false,\\\"strikethrough\\\":false,\\\"obfuscated\\\":false}\",Lore:[\"{\\\"text\\\":\\\"Click to unlock this blueprint\\\",\\\"color\\\":\\\"white\\\",\\\"bold\\\":false,\\\"italic\\\":false,\\\"underlined\\\":false,\\\"strikethrough\\\":false,\\\"obfuscated\\\":false}\"]},CustomModelData:1,Recipes:[\"minecraft:magma_block\"]}"
            }
          ]
        },
        {
          "type": "minecraft:item",
          "name": "minecraft:knowledge_book",
          "functions": [
            {
              "function": "set_nbt",
              "tag": "{display:{Name:\"{\\\"text\\\":\\\"Mossy cobblestone\\\",\\\"color\\\":\\\"green\\\",\\\"bold\\\":false,\\\"italic\\\":false,\\\"underlined\\\":false,\\\"strikethrough\\\":false,\\\"obfuscated\\\":false}\",Lore:[\"{\\\"text\\\":\\\"Click to unlock this blueprint\\\",\\\"color\\\":\\\"white\\\",\\\"bold\\\":false,\\\"italic\\\":false,\\\"underlined\\\":false,\\\"strikethrough\\\":false,\\\"obfuscated\\\":false}\"]},CustomModelData:1,Recipes:[\"minecraft:mossy_cobblestone\"]}"
            }
          ]
        },
        {
          "type": "minecraft:item",
          "name": "minecraft:knowledge_book",
          "functions": [
            {
              "function": "set_nbt",
              "tag": "{display:{Name:\"{\\\"text\\\":\\\"Nether block\\\",\\\"color\\\":\\\"green\\\",\\\"bold\\\":false,\\\"italic\\\":false,\\\"underlined\\\":false,\\\"strikethrough\\\":false,\\\"obfuscated\\\":false}\",Lore:[\"{\\\"text\\\":\\\"Click to unlock this blueprint\\\",\\\"color\\\":\\\"white\\\",\\\"bold\\\":false,\\\"italic\\\":false,\\\"underlined\\\":false,\\\"strikethrough\\\":false,\\\"obfuscated\\\":false}\"]},CustomModelData:1,Recipes:[\"minecraft:nether_brick\",\"minecraft:nether_bricks\",\"minecraft:nether_wart_block\",\"minecraft:red_nether_bricks\"]}"
            }
          ]
        },
        {
          "type": "minecraft:item",
          "name": "minecraft:knowledge_book",
          "functions": [
            {
              "function": "set_nbt",
              "tag": "{display:{Name:\"{\\\"text\\\":\\\"Painting\\\",\\\"color\\\":\\\"green\\\",\\\"bold\\\":false,\\\"italic\\\":false,\\\"underlined\\\":false,\\\"strikethrough\\\":false,\\\"obfuscated\\\":false}\",Lore:[\"{\\\"text\\\":\\\"Click to unlock this blueprint\\\",\\\"color\\\":\\\"white\\\",\\\"bold\\\":false,\\\"italic\\\":false,\\\"underlined\\\":false,\\\"strikethrough\\\":false,\\\"obfuscated\\\":false}\"]},CustomModelData:1,Recipes:[\"minecraft:painting\"]}"
            }
          ]
        },
        {
          "type": "minecraft:item",
          "name": "minecraft:knowledge_book",
          "functions": [
            {
              "function": "set_nbt",
              "tag": "{display:{Name:\"{\\\"text\\\":\\\"Paper\\\",\\\"color\\\":\\\"green\\\",\\\"bold\\\":false,\\\"italic\\\":false,\\\"underlined\\\":false,\\\"strikethrough\\\":false,\\\"obfuscated\\\":false}\",Lore:[\"{\\\"text\\\":\\\"Click to unlock this blueprint\\\",\\\"color\\\":\\\"white\\\",\\\"bold\\\":false,\\\"italic\\\":false,\\\"underlined\\\":false,\\\"strikethrough\\\":false,\\\"obfuscated\\\":false}\"]},CustomModelData:1,Recipes:[\"minecraft:paper\"]}"
            }
          ]
        },
        {
          "type": "minecraft:item",
          "name": "minecraft:knowledge_book",
          "functions": [
            {
              "function": "set_nbt",
              "tag": "{display:{Name:\"{\\\"text\\\":\\\"Polished andesite\\\",\\\"color\\\":\\\"green\\\",\\\"bold\\\":false,\\\"italic\\\":false,\\\"underlined\\\":false,\\\"strikethrough\\\":false,\\\"obfuscated\\\":false}\",Lore:[\"{\\\"text\\\":\\\"Click to unlock this blueprint\\\",\\\"color\\\":\\\"white\\\",\\\"bold\\\":false,\\\"italic\\\":false,\\\"underlined\\\":false,\\\"strikethrough\\\":false,\\\"obfuscated\\\":false}\"]},CustomModelData:1,Recipes:[\"minecraft:polished_andesite\"]}"
            }
          ]
        },
        {
          "type": "minecraft:item",
          "name": "minecraft:knowledge_book",
          "functions": [
            {
              "function": "set_nbt",
              "tag": "{display:{Name:\"{\\\"text\\\":\\\"Polished diorite\\\",\\\"color\\\":\\\"green\\\",\\\"bold\\\":false,\\\"italic\\\":false,\\\"underlined\\\":false,\\\"strikethrough\\\":false,\\\"obfuscated\\\":false}\",Lore:[\"{\\\"text\\\":\\\"Click to unlock this blueprint\\\",\\\"color\\\":\\\"white\\\",\\\"bold\\\":false,\\\"italic\\\":false,\\\"underlined\\\":false,\\\"strikethrough\\\":false,\\\"obfuscated\\\":false}\"]},CustomModelData:1,Recipes:[\"minecraft:polished_diorite\"]}"
            }
          ]
        },
        {
          "type": "minecraft:item",
          "name": "minecraft:knowledge_book",
          "functions": [
            {
              "function": "set_nbt",
              "tag": "{display:{Name:\"{\\\"text\\\":\\\"Polished granite\\\",\\\"color\\\":\\\"green\\\",\\\"bold\\\":false,\\\"italic\\\":false,\\\"underlined\\\":false,\\\"strikethrough\\\":false,\\\"obfuscated\\\":false}\",Lore:[\"{\\\"text\\\":\\\"Click to unlock this blueprint\\\",\\\"color\\\":\\\"white\\\",\\\"bold\\\":false,\\\"italic\\\":false,\\\"underlined\\\":false,\\\"strikethrough\\\":false,\\\"obfuscated\\\":false}\"]},CustomModelData:1,Recipes:[\"minecraft:polished_granite\"]}"
            }
          ]
        },
        {
          "type": "minecraft:item",
          "name": "minecraft:knowledge_book",
          "functions": [
            {
              "function": "set_nbt",
              "tag": "{display:{Name:\"{\\\"text\\\":\\\"Pressure plate\\\",\\\"color\\\":\\\"green\\\",\\\"bold\\\":false,\\\"italic\\\":false,\\\"underlined\\\":false,\\\"strikethrough\\\":false,\\\"obfuscated\\\":false}\",Lore:[\"{\\\"text\\\":\\\"Click to unlock this blueprint\\\",\\\"color\\\":\\\"white\\\",\\\"bold\\\":false,\\\"italic\\\":false,\\\"underlined\\\":false,\\\"strikethrough\\\":false,\\\"obfuscated\\\":false}\"]},CustomModelData:1,Recipes:[\"minecraft:acacia_pressure_plate\",\"minecraft:birch_pressure_plate\",\"minecraft:dark_oak_pressure_plate\",\"minecraft:spruce_pressure_plate\",\"minecraft:stone_pressure_plate\"]}"
            }
          ]
        },
        {
          "type": "minecraft:item",
          "name": "minecraft:knowledge_book",
          "functions": [
            {
              "function": "set_nbt",
              "tag": "{display:{Name:\"{\\\"text\\\":\\\"Prismarine\\\",\\\"color\\\":\\\"green\\\",\\\"bold\\\":false,\\\"italic\\\":false,\\\"underlined\\\":false,\\\"strikethrough\\\":false,\\\"obfuscated\\\":false}\",Lore:[\"{\\\"text\\\":\\\"Click to unlock this blueprint\\\",\\\"color\\\":\\\"white\\\",\\\"bold\\\":false,\\\"italic\\\":false,\\\"underlined\\\":false,\\\"strikethrough\\\":false,\\\"obfuscated\\\":false}\"]},CustomModelData:1,Recipes:[\"minecraft:dark_prismarine\",\"minecraft:prismarine\",\"minecraft:prismarine_bricks\"]}"
            }
          ]
        },
        {
          "type": "minecraft:item",
          "name": "minecraft:knowledge_book",
          "functions": [
            {
              "function": "set_nbt",
              "tag": "{display:{Name:\"{\\\"text\\\":\\\"Pumpkin pie\\\",\\\"color\\\":\\\"green\\\",\\\"bold\\\":false,\\\"italic\\\":false,\\\"underlined\\\":false,\\\"strikethrough\\\":false,\\\"obfuscated\\\":false}\",Lore:[\"{\\\"text\\\":\\\"Click to unlock this blueprint\\\",\\\"color\\\":\\\"white\\\",\\\"bold\\\":false,\\\"italic\\\":false,\\\"underlined\\\":false,\\\"strikethrough\\\":false,\\\"obfuscated\\\":false}\"]},CustomModelData:1,Recipes:[\"minecraft:pumpkin_pie\"]}"
            }
          ]
        },
        {
          "type": "minecraft:item",
          "name": "minecraft:knowledge_book",
          "functions": [
            {
              "function": "set_nbt",
              "tag": "{display:{Name:\"{\\\"text\\\":\\\"Quartz\\\",\\\"color\\\":\\\"green\\\",\\\"bold\\\":false,\\\"italic\\\":false,\\\"underlined\\\":false,\\\"strikethrough\\\":false,\\\"obfuscated\\\":false}\",Lore:[\"{\\\"text\\\":\\\"Click to unlock this blueprint\\\",\\\"color\\\":\\\"white\\\",\\\"bold\\\":false,\\\"italic\\\":false,\\\"underlined\\\":false,\\\"strikethrough\\\":false,\\\"obfuscated\\\":false}\"]},CustomModelData:1,Recipes:[\"minecraft:chiseled_quartz_block\",\"minecraft:quartz_block\",\"minecraft:quartz_pillar\",\"minecraft:smooth_quartz\"]}"
            }
          ]
        },
        {
          "type": "minecraft:item",
          "name": "minecraft:knowledge_book",
          "functions": [
            {
              "function": "set_nbt",
              "tag": "{display:{Name:\"{\\\"text\\\":\\\"Rail\\\",\\\"color\\\":\\\"green\\\",\\\"bold\\\":false,\\\"italic\\\":false,\\\"underlined\\\":false,\\\"strikethrough\\\":false,\\\"obfuscated\\\":false}\",Lore:[\"{\\\"text\\\":\\\"Click to unlock this blueprint\\\",\\\"color\\\":\\\"white\\\",\\\"bold\\\":false,\\\"italic\\\":false,\\\"underlined\\\":false,\\\"strikethrough\\\":false,\\\"obfuscated\\\":false}\"]},CustomModelData:1,Recipes:[\"minecraft:rail\"]}"
            }
          ]
        },
        {
          "type": "minecraft:item",
          "name": "minecraft:knowledge_book",
          "functions": [
            {
              "function": "set_nbt",
              "tag": "{display:{Name:\"{\\\"text\\\":\\\"Sandstone\\\",\\\"color\\\":\\\"green\\\",\\\"bold\\\":false,\\\"italic\\\":false,\\\"underlined\\\":false,\\\"strikethrough\\\":false,\\\"obfuscated\\\":false}\",Lore:[\"{\\\"text\\\":\\\"Click to unlock this blueprint\\\",\\\"color\\\":\\\"white\\\",\\\"bold\\\":false,\\\"italic\\\":false,\\\"underlined\\\":false,\\\"strikethrough\\\":false,\\\"obfuscated\\\":false}\"]},CustomModelData:1,Recipes:[\"minecraft:chiseled_red_sandstone\",\"minecraft:chiseled_sandstone\",\"minecraft:cut_red_sandstone\",\"minecraft:cut_sandstone\",\"minecraft:red_sandstone\",\"minecraft:sandstone\",\"minecraft:smooth_red_sandstone\",\"minecraft:smooth_sandstone\"]}"
            }
          ]
        },
        {
          "type": "minecraft:item",
          "name": "minecraft:knowledge_book",
          "functions": [
            {
              "function": "set_nbt",
              "tag": "{display:{Name:\"{\\\"text\\\":\\\"Sea lantern\\\",\\\"color\\\":\\\"green\\\",\\\"bold\\\":false,\\\"italic\\\":false,\\\"underlined\\\":false,\\\"strikethrough\\\":false,\\\"obfuscated\\\":false}\",Lore:[\"{\\\"text\\\":\\\"Click to unlock this blueprint\\\",\\\"color\\\":\\\"white\\\",\\\"bold\\\":false,\\\"italic\\\":false,\\\"underlined\\\":false,\\\"strikethrough\\\":false,\\\"obfuscated\\\":false}\"]},CustomModelData:1,Recipes:[\"minecraft:sea_lantern\"]}"
            }
          ]
        },
        {
          "type": "minecraft:item",
          "name": "minecraft:knowledge_book",
          "functions": [
            {
              "function": "set_nbt",
              "tag": "{display:{Name:\"{\\\"text\\\":\\\"Sign\\\",\\\"color\\\":\\\"green\\\",\\\"bold\\\":false,\\\"italic\\\":false,\\\"underlined\\\":false,\\\"strikethrough\\\":false,\\\"obfuscated\\\":false}\",Lore:[\"{\\\"text\\\":\\\"Click to unlock this blueprint\\\",\\\"color\\\":\\\"white\\\",\\\"bold\\\":false,\\\"italic\\\":false,\\\"underlined\\\":false,\\\"strikethrough\\\":false,\\\"obfuscated\\\":false}\"]},CustomModelData:1,Recipes:[\"minecraft:acacia_sign\",\"minecraft:birch_sign\",\"minecraft:dark_oak_sign\",\"minecraft:jungle_sign\",\"minecraft:oak_sign\",\"minecraft:spruce_sign\"]}"
            }
          ]
        },
        {
          "type": "minecraft:item",
          "name": "minecraft:knowledge_book",
          "functions": [
            {
              "function": "set_nbt",
              "tag": "{display:{Name:\"{\\\"text\\\":\\\"Skull banner pattern\\\",\\\"color\\\":\\\"green\\\",\\\"bold\\\":false,\\\"italic\\\":false,\\\"underlined\\\":false,\\\"strikethrough\\\":false,\\\"obfuscated\\\":false}\",Lore:[\"{\\\"text\\\":\\\"Click to unlock this blueprint\\\",\\\"color\\\":\\\"white\\\",\\\"bold\\\":false,\\\"italic\\\":false,\\\"underlined\\\":false,\\\"strikethrough\\\":false,\\\"obfuscated\\\":false}\"]},CustomModelData:1,Recipes:[\"minecraft:skull_banner_pattern\"]}"
            }
          ]
        },
        {
          "type": "minecraft:item",
          "name": "minecraft:knowledge_book",
          "functions": [
            {
              "function": "set_nbt",
              "tag": "{display:{Name:\"{\\\"text\\\":\\\"Slab\\\",\\\"color\\\":\\\"green\\\",\\\"bold\\\":false,\\\"italic\\\":false,\\\"underlined\\\":false,\\\"strikethrough\\\":false,\\\"obfuscated\\\":false}\",Lore:[\"{\\\"text\\\":\\\"Click to unlock this blueprint\\\",\\\"color\\\":\\\"white\\\",\\\"bold\\\":false,\\\"italic\\\":false,\\\"underlined\\\":false,\\\"strikethrough\\\":false,\\\"obfuscated\\\":false}\"]},CustomModelData:1,Recipes:[\"minecraft:acacia_slab\",\"minecraft:andesite_slab\",\"minecraft:birch_slab\",\"minecraft:brick_slab\",\"minecraft:cobblestone_slab\",\"minecraft:cut_red_sandstone_slab\",\"minecraft:cut_sandstone_slab\",\"minecraft:dark_oak_slab\",\"minecraft:dark_prismarine_slab\",\"minecraft:diorite_slab\",\"minecraft:end_stone_brick_slab\",\"minecraft:granite_slab\",\"minecraft:jungle_slab\",\"minecraft:mossy_cobblestone_slab\",\"minecraft:mossy_stone_brick_slab\",\"minecraft:nether_brick_slab\",\"minecraft:oak_slab\",\"minecraft:polished_andesite_slab\",\"minecraft:polished_diorite_slab\",\"minecraft:polished_granite_slab\",\"minecraft:prismarine_brick_slab\",\"minecraft:prismarine_slab\",\"minecraft:purpur_slab\",\"minecraft:quartz_slab\",\"minecraft:red_nether_brick_slab\",\"minecraft:red_sandstone_slab\",\"minecraft:sandstone_slab\",\"minecraft:smooth_quartz_slab\",\"minecraft:smooth_red_sandstone_slab\",\"minecraft:smooth_sandstone_slab\",\"minecraft:smooth_stone_slab\",\"minecraft:spruce_slab\",\"minecraft:stone_brick_slab\",\"minecraft:stone_slab\"]}"
            }
          ]
        },
        {
          "type": "minecraft:item",
          "name": "minecraft:knowledge_book",
          "functions": [
            {
              "function": "set_nbt",
              "tag": "{display:{Name:\"{\\\"text\\\":\\\"Smithing table\\\",\\\"color\\\":\\\"green\\\",\\\"bold\\\":false,\\\"italic\\\":false,\\\"underlined\\\":false,\\\"strikethrough\\\":false,\\\"obfuscated\\\":false}\",Lore:[\"{\\\"text\\\":\\\"Click to unlock this blueprint\\\",\\\"color\\\":\\\"white\\\",\\\"bold\\\":false,\\\"italic\\\":false,\\\"underlined\\\":false,\\\"strikethrough\\\":false,\\\"obfuscated\\\":false}\"]},CustomModelData:1,Recipes:[\"minecraft:smithing_table\"]}"
            }
          ]
        },
        {
          "type": "minecraft:item",
          "name": "minecraft:knowledge_book",
          "functions": [
            {
              "function": "set_nbt",
              "tag": "{display:{Name:\"{\\\"text\\\":\\\"Smooth stone\\\",\\\"color\\\":\\\"green\\\",\\\"bold\\\":false,\\\"italic\\\":false,\\\"underlined\\\":false,\\\"strikethrough\\\":false,\\\"obfuscated\\\":false}\",Lore:[\"{\\\"text\\\":\\\"Click to unlock this blueprint\\\",\\\"color\\\":\\\"white\\\",\\\"bold\\\":false,\\\"italic\\\":false,\\\"underlined\\\":false,\\\"strikethrough\\\":false,\\\"obfuscated\\\":false}\"]},CustomModelData:1,Recipes:[\"minecraft:smooth_stone\"]}"
            }
          ]
        },
        {
          "type": "minecraft:item",
          "name": "minecraft:knowledge_book",
          "functions": [
            {
              "function": "set_nbt",
              "tag": "{display:{Name:\"{\\\"text\\\":\\\"Stained glass\\\",\\\"color\\\":\\\"green\\\",\\\"bold\\\":false,\\\"italic\\\":false,\\\"underlined\\\":false,\\\"strikethrough\\\":false,\\\"obfuscated\\\":false}\",Lore:[\"{\\\"text\\\":\\\"Click to unlock this blueprint\\\",\\\"color\\\":\\\"white\\\",\\\"bold\\\":false,\\\"italic\\\":false,\\\"underlined\\\":false,\\\"strikethrough\\\":false,\\\"obfuscated\\\":false}\"]},CustomModelData:1,Recipes:[\"minecraft:black_stained_glass\",\"minecraft:blue_stained_glass\",\"minecraft:brown_stained_glass\",\"minecraft:cyan_stained_glass\",\"minecraft:gray_stained_glass\",\"minecraft:green_stained_glass\",\"minecraft:light_blue_stained_glass\",\"minecraft:light_gray_stained_glass\",\"minecraft:lime_stained_glass\",\"minecraft:magenta_stained_glass\",\"minecraft:orange_stained_glass\",\"minecraft:pink_stained_glass\",\"minecraft:purple_stained_glass\",\"minecraft:red_stained_glass\",\"minecraft:white_stained_glass\",\"minecraft:yellow_stained_glass\"]}"
            }
          ]
        },
        {
          "type": "minecraft:item",
          "name": "minecraft:knowledge_book",
          "functions": [
            {
              "function": "set_nbt",
              "tag": "{display:{Name:\"{\\\"text\\\":\\\"Stained glass pane\\\",\\\"color\\\":\\\"green\\\",\\\"bold\\\":false,\\\"italic\\\":false,\\\"underlined\\\":false,\\\"strikethrough\\\":false,\\\"obfuscated\\\":false}\",Lore:[\"{\\\"text\\\":\\\"Click to unlock this blueprint\\\",\\\"color\\\":\\\"white\\\",\\\"bold\\\":false,\\\"italic\\\":false,\\\"underlined\\\":false,\\\"strikethrough\\\":false,\\\"obfuscated\\\":false}\"]},CustomModelData:1,Recipes:[\"minecraft:black_stained_glass_pane\",\"minecraft:blue_stained_glass_pane\",\"minecraft:brown_stained_glass_pane\",\"minecraft:cyan_stained_glass_pane\",\"minecraft:gray_stained_glass_pane\",\"minecraft:green_stained_glass_pane\",\"minecraft:light_blue_stained_glass_pane\",\"minecraft:light_gray_stained_glass_pane\",\"minecraft:lime_stained_glass_pane\",\"minecraft:magenta_stained_glass_pane\",\"minecraft:orange_stained_glass_pane\",\"minecraft:pink_stained_glass_pane\",\"minecraft:purple_stained_glass_pane\",\"minecraft:red_stained_glass_pane\",\"minecraft:white_stained_glass_pane\",\"minecraft:yellow_stained_glass_pane\"]}"
            }
          ]
        },
        {
          "type": "minecraft:item",
          "name": "minecraft:knowledge_book",
          "functions": [
            {
              "function": "set_nbt",
              "tag": "{display:{Name:\"{\\\"text\\\":\\\"Stairs\\\",\\\"color\\\":\\\"green\\\",\\\"bold\\\":false,\\\"italic\\\":false,\\\"underlined\\\":false,\\\"strikethrough\\\":false,\\\"obfuscated\\\":false}\",Lore:[\"{\\\"text\\\":\\\"Click to unlock this blueprint\\\",\\\"color\\\":\\\"white\\\",\\\"bold\\\":false,\\\"italic\\\":false,\\\"underlined\\\":false,\\\"strikethrough\\\":false,\\\"obfuscated\\\":false}\"]},CustomModelData:1,Recipes:[\"minecraft:acacia_stairs\",\"minecraft:andesite_stairs\",\"minecraft:birch_stairs\",\"minecraft:brick_stairs\",\"minecraft:cobblestone_stairs\",\"minecraft:dark_oak_stairs\",\"minecraft:dark_prismarine_stairs\",\"minecraft:diorite_stairs\",\"minecraft:end_stone_brick_stairs\",\"minecraft:granite_stairs\",\"minecraft:jungle_stairs\",\"minecraft:mossy_cobblestone_stairs\",\"minecraft:mossy_stone_brick_stairs\",\"minecraft:nether_brick_stairs\",\"minecraft:oak_stairs\",\"minecraft:polished_andesite_stairs\",\"minecraft:polished_diorite_stairs\",\"minecraft:polished_granite_stairs\",\"minecraft:prismarine_brick_stairs\",\"minecraft:prismarine_stairs\",\"minecraft:purpur_stairs\",\"minecraft:quartz_stairs\",\"minecraft:red_nether_brick_stairs\",\"minecraft:red_sandstone_stairs\",\"minecraft:sandstone_stairs\",\"minecraft:smooth_quartz_stairs\",\"minecraft:smooth_red_sandstone_stairs\",\"minecraft:smooth_sandstone_stairs\",\"minecraft:spruce_stairs\",\"minecraft:stone_brick_stairs\",\"minecraft:stone_stairs\"]}"
            }
          ]
        },
        {
          "type": "minecraft:item",
          "name": "minecraft:knowledge_book",
          "functions": [
            {
              "function": "set_nbt",
              "tag": "{display:{Name:\"{\\\"text\\\":\\\"Stone axe\\\",\\\"color\\\":\\\"green\\\",\\\"bold\\\":false,\\\"italic\\\":false,\\\"underlined\\\":false,\\\"strikethrough\\\":false,\\\"obfuscated\\\":false}\",Lore:[\"{\\\"text\\\":\\\"Click to unlock this blueprint\\\",\\\"color\\\":\\\"white\\\",\\\"bold\\\":false,\\\"italic\\\":false,\\\"underlined\\\":false,\\\"strikethrough\\\":false,\\\"obfuscated\\\":false}\"]},CustomModelData:1,Recipes:[\"minecraft:stone_axe\"]}"
            }
          ]
        },
        {
          "type": "minecraft:item",
          "name": "minecraft:knowledge_book",
          "functions": [
            {
              "function": "set_nbt",
              "tag": "{display:{Name:\"{\\\"text\\\":\\\"Stone bricks\\\",\\\"color\\\":\\\"green\\\",\\\"bold\\\":false,\\\"italic\\\":false,\\\"underlined\\\":false,\\\"strikethrough\\\":false,\\\"obfuscated\\\":false}\",Lore:[\"{\\\"text\\\":\\\"Click to unlock this blueprint\\\",\\\"color\\\":\\\"white\\\",\\\"bold\\\":false,\\\"italic\\\":false,\\\"underlined\\\":false,\\\"strikethrough\\\":false,\\\"obfuscated\\\":false}\"]},CustomModelData:1,Recipes:[\"minecraft:chiseled_stone_bricks\",\"minecraft:cracked_stone_bricks\",\"minecraft:end_stone_bricks\",\"minecraft:mossy_stone_bricks\",\"minecraft:stone_bricks\"]}"
            }
          ]
        },
        {
          "type": "minecraft:item",
          "name": "minecraft:knowledge_book",
          "functions": [
            {
              "function": "set_nbt",
              "tag": "{display:{Name:\"{\\\"text\\\":\\\"Stone hoe\\\",\\\"color\\\":\\\"green\\\",\\\"bold\\\":false,\\\"italic\\\":false,\\\"underlined\\\":false,\\\"strikethrough\\\":false,\\\"obfuscated\\\":false}\",Lore:[\"{\\\"text\\\":\\\"Click to unlock this blueprint\\\",\\\"color\\\":\\\"white\\\",\\\"bold\\\":false,\\\"italic\\\":false,\\\"underlined\\\":false,\\\"strikethrough\\\":false,\\\"obfuscated\\\":false}\"]},CustomModelData:1,Recipes:[\"minecraft:stone_hoe\"]}"
            }
          ]
        },
        {
          "type": "minecraft:item",
          "name": "minecraft:knowledge_book",
          "functions": [
            {
              "function": "set_nbt",
              "tag": "{display:{Name:\"{\\\"text\\\":\\\"Stone pickaxe\\\",\\\"color\\\":\\\"green\\\",\\\"bold\\\":false,\\\"italic\\\":false,\\\"underlined\\\":false,\\\"strikethrough\\\":false,\\\"obfuscated\\\":false}\",Lore:[\"{\\\"text\\\":\\\"Click to unlock this blueprint\\\",\\\"color\\\":\\\"white\\\",\\\"bold\\\":false,\\\"italic\\\":false,\\\"underlined\\\":false,\\\"strikethrough\\\":false,\\\"obfuscated\\\":false}\"]},CustomModelData:1,Recipes:[\"minecraft:stone_pickaxe\"]}"
            }
          ]
        },
        {
          "type": "minecraft:item",
          "name": "minecraft:knowledge_book",
          "functions": [
            {
              "function": "set_nbt",
              "tag": "{display:{Name:\"{\\\"text\\\":\\\"Stone shovel\\\",\\\"color\\\":\\\"green\\\",\\\"bold\\\":false,\\\"italic\\\":false,\\\"underlined\\\":false,\\\"strikethrough\\\":false,\\\"obfuscated\\\":false}\",Lore:[\"{\\\"text\\\":\\\"Click to unlock this blueprint\\\",\\\"color\\\":\\\"white\\\",\\\"bold\\\":false,\\\"italic\\\":false,\\\"underlined\\\":false,\\\"strikethrough\\\":false,\\\"obfuscated\\\":false}\"]},CustomModelData:1,Recipes:[\"minecraft:stone_shovel\"]}"
            }
          ]
        },
        {
          "type": "minecraft:item",
          "name": "minecraft:knowledge_book",
          "functions": [
            {
              "function": "set_nbt",
              "tag": "{display:{Name:\"{\\\"text\\\":\\\"Stone sword\\\",\\\"color\\\":\\\"green\\\",\\\"bold\\\":false,\\\"italic\\\":false,\\\"underlined\\\":false,\\\"strikethrough\\\":false,\\\"obfuscated\\\":false}\",Lore:[\"{\\\"text\\\":\\\"Click to unlock this blueprint\\\",\\\"color\\\":\\\"white\\\",\\\"bold\\\":false,\\\"italic\\\":false,\\\"underlined\\\":false,\\\"strikethrough\\\":false,\\\"obfuscated\\\":false}\"]},CustomModelData:1,Recipes:[\"minecraft:stone_sword\"]}"
            }
          ]
        },
        {
          "type": "minecraft:item",
          "name": "minecraft:knowledge_book",
          "functions": [
            {
              "function": "set_nbt",
              "tag": "{display:{Name:\"{\\\"text\\\":\\\"Stripped log\\\",\\\"color\\\":\\\"green\\\",\\\"bold\\\":false,\\\"italic\\\":false,\\\"underlined\\\":false,\\\"strikethrough\\\":false,\\\"obfuscated\\\":false}\",Lore:[\"{\\\"text\\\":\\\"Click to unlock this blueprint\\\",\\\"color\\\":\\\"white\\\",\\\"bold\\\":false,\\\"italic\\\":false,\\\"underlined\\\":false,\\\"strikethrough\\\":false,\\\"obfuscated\\\":false}\"]},CustomModelData:1,Recipes:[\"minecraft:stripped_acacia_log\",\"minecraft:stripped_birch_log\",\"minecraft:stripped_dark_oak_log\",\"minecraft:stripped_jungle_log\",\"minecraft:stripped_oak_log\",\"minecraft:stripped_spruce_log\"]}"
            }
          ]
        },
        {
          "type": "minecraft:item",
          "name": "minecraft:knowledge_book",
          "functions": [
            {
              "function": "set_nbt",
              "tag": "{display:{Name:\"{\\\"text\\\":\\\"Stripped wood\\\",\\\"color\\\":\\\"green\\\",\\\"bold\\\":false,\\\"italic\\\":false,\\\"underlined\\\":false,\\\"strikethrough\\\":false,\\\"obfuscated\\\":false}\",Lore:[\"{\\\"text\\\":\\\"Click to unlock this blueprint\\\",\\\"color\\\":\\\"white\\\",\\\"bold\\\":false,\\\"italic\\\":false,\\\"underlined\\\":false,\\\"strikethrough\\\":false,\\\"obfuscated\\\":false}\"]},CustomModelData:1,Recipes:[\"minecraft:stripped_acacia_wood\",\"minecraft:stripped_birch_wood\",\"minecraft:stripped_dark_oak_wood\",\"minecraft:stripped_jungle_wood\",\"minecraft:stripped_oak_wood\",\"minecraft:stripped_spruce_wood\"]}"
            }
          ]
        },
        {
          "type": "minecraft:item",
          "name": "minecraft:knowledge_book",
          "functions": [
            {
              "function": "set_nbt",
              "tag": "{display:{Name:\"{\\\"text\\\":\\\"Trapdoor\\\",\\\"color\\\":\\\"green\\\",\\\"bold\\\":false,\\\"italic\\\":false,\\\"underlined\\\":false,\\\"strikethrough\\\":false,\\\"obfuscated\\\":false}\",Lore:[\"{\\\"text\\\":\\\"Click to unlock this blueprint\\\",\\\"color\\\":\\\"white\\\",\\\"bold\\\":false,\\\"italic\\\":false,\\\"underlined\\\":false,\\\"strikethrough\\\":false,\\\"obfuscated\\\":false}\"]},CustomModelData:1,Recipes:[\"minecraft:acacia_trapdoor\",\"minecraft:birch_trapdoor\",\"minecraft:dark_oak_trapdoor\",\"minecraft:iron_trapdoor\",\"minecraft:jungle_trapdoor\",\"minecraft:oak_trapdoor\",\"minecraft:spruce_trapdoor\"]}"
            }
          ]
        },
        {
          "type": "minecraft:item",
          "name": "minecraft:knowledge_book",
          "functions": [
            {
              "function": "set_nbt",
              "tag": "{display:{Name:\"{\\\"text\\\":\\\"Wall\\\",\\\"color\\\":\\\"green\\\",\\\"bold\\\":false,\\\"italic\\\":false,\\\"underlined\\\":false,\\\"strikethrough\\\":false,\\\"obfuscated\\\":false}\",Lore:[\"{\\\"text\\\":\\\"Click to unlock this blueprint\\\",\\\"color\\\":\\\"white\\\",\\\"bold\\\":false,\\\"italic\\\":false,\\\"underlined\\\":false,\\\"strikethrough\\\":false,\\\"obfuscated\\\":false}\"]},CustomModelData:1,Recipes:[\"minecraft:andesite_wall\",\"minecraft:brick_wall\",\"minecraft:cobblestone_wall\",\"minecraft:diorite_wall\",\"minecraft:end_stone_brick_wall\",\"minecraft:granite_wall\",\"minecraft:mossy_cobblestone_wall\",\"minecraft:mossy_stone_brick_wall\",\"minecraft:nether_brick_wall\",\"minecraft:prismarine_wall\",\"minecraft:red_nether_brick_wall\",\"minecraft:red_sandstone_wall\",\"minecraft:sandstone_wall\",\"minecraft:stone_brick_wall\"]}"
            }
          ]
        },
        {
          "type": "minecraft:item",
          "name": "minecraft:knowledge_book",
          "functions": [
            {
              "function": "set_nbt",
              "tag": "{display:{Name:\"{\\\"text\\\":\\\"Wood\\\",\\\"color\\\":\\\"green\\\",\\\"bold\\\":false,\\\"italic\\\":false,\\\"underlined\\\":false,\\\"strikethrough\\\":false,\\\"obfuscated\\\":false}\",Lore:[\"{\\\"text\\\":\\\"Click to unlock this blueprint\\\",\\\"color\\\":\\\"white\\\",\\\"bold\\\":false,\\\"italic\\\":false,\\\"underlined\\\":false,\\\"strikethrough\\\":false,\\\"obfuscated\\\":false}\"]},CustomModelData:1,Recipes:[\"minecraft:acacia_wood\",\"minecraft:birch_wood\",\"minecraft:dark_oak_wood\",\"minecraft:jungle_wood\",\"minecraft:oak_wood\",\"minecraft:spruce_wood\"]}"
            }
          ]
        },
        {
          "type": "minecraft:item",
          "name": "minecraft:knowledge_book",
          "functions": [
            {
              "function": "set_nbt",
              "tag": "{display:{Name:\"{\\\"text\\\":\\\"Wool\\\",\\\"color\\\":\\\"green\\\",\\\"bold\\\":false,\\\"italic\\\":false,\\\"underlined\\\":false,\\\"strikethrough\\\":false,\\\"obfuscated\\\":false}\",Lore:[\"{\\\"text\\\":\\\"Click to unlock this blueprint\\\",\\\"color\\\":\\\"white\\\",\\\"bold\\\":false,\\\"italic\\\":false,\\\"underlined\\\":false,\\\"strikethrough\\\":false,\\\"obfuscated\\\":false}\"]},CustomModelData:1,Recipes:[\"minecraft:black_wool\",\"minecraft:blue_wool\",\"minecraft:brown_wool\",\"minecraft:cyan_wool\",\"minecraft:gray_wool\",\"minecraft:green_wool\",\"minecraft:light_blue_wool\",\"minecraft:light_gray_wool\",\"minecraft:lime_wool\",\"minecraft:magenta_wool\",\"minecraft:orange_wool\",\"minecraft:pink_wool\",\"minecraft:purple_wool\",\"minecraft:red_wool\",\"minecraft:white_wool\",\"minecraft:yellow_wool\"]}"
            }
          ]
        }
      ]
    }
  ]
}